dteday,mnth,hr,cnt,prediction
2011-05-28,5,5,7.0,22.171075555356424
2011-10-05,10,4,5.000000000000028,13.280635465509448
2012-10-11,10,19,743.0,396.2762328738273
2012-02-20,2,11,208.0,112.6667647430515
2012-06-15,6,21,333.0,299.32569777038776
2011-03-04,3,18,187.0,161.3820022146001
2012-10-30,10,17,124.0,381.83975959679094
2012-09-12,9,17,924.9999999999999,902.6650710393055
2012-10-22,10,10,212.0,203.49407340918472
2011-02-16,2,19,161.0,126.51546544853369
2012-08-29,8,11,253.0,283.06728297877373
2011-12-18,12,15,207.0,213.19215313921572
2012-04-08,4,1,64.00000000000001,62.1064343991403
2011-05-08,5,18,268.0,327.73065422864113
2011-10-13,10,22,114.0,129.70012475535782
2012-03-11,3,14,501.0,369.9019073079685
2011-11-04,11,17,480.0,362.97815191937735
2012-09-30,9,11,591.0,547.1139723981512
2011-06-21,6,9,275.0,202.19080158802078
2012-08-01,8,12,284.0,293.4911185481703
2011-02-13,2,6,5.000000000000028,6.319855574004038
2012-08-30,8,21,307.0,326.3579313402754
2012-09-18,9,2,4.0,-19.086539643751166
2012-10-24,10,4,6.0,18.18141958349463
2012-03-20,3,16,431.0,391.74315665411393
2011-01-12,1,22,33.0,36.34351962623083
2012-06-22,6,18,505.0,666.1302607223107
2012-06-05,6,13,267.0,282.97737917466003
2012-05-22,5,13,243.0,238.50239044388843
2012-05-10,5,10,154.0,191.1490801490157
2011-02-04,2,6,28.0,39.121998953418085
2011-10-02,10,22,64.00000000000001,91.99619965623417
2012-12-12,12,1,21.0,32.61145589472733
2012-02-07,2,15,146.0,192.62046685492857
2011-12-17,12,9,100.0,146.93458760414052
2012-05-07,5,7,385.0,373.0481225558072
2011-07-25,7,8,387.0,380.2379851265248
2011-11-03,11,5,28.0,26.42102021492792
2011-06-03,6,8,502.0,445.6277199533639
2012-07-23,7,7,421.0,395.81377850177375
2011-04-02,4,17,184.0,225.92434225628247
2012-02-21,2,19,304.0,266.35051626543304
2012-02-04,2,12,300.0,257.24600083765705
2012-12-05,12,0,37.0,59.07975314540974
2012-07-12,7,2,9.0,21.087972065032517
2012-05-22,5,4,7.0,-1.8534304641861752
2012-06-18,6,2,9.0,12.614343166685302
2012-08-02,8,0,62.999999999999986,69.61243607125446
2012-03-29,3,10,166.0,196.02288771680404
2011-02-05,2,10,34.0,53.06909835847824
2011-10-29,10,2,17.0,9.570772592265655
2011-12-15,12,11,135.0,113.60524285114732
2012-10-31,10,13,213.0,254.8233878560783
2011-08-07,8,3,32.0,34.08366587442404
2011-10-22,10,9,169.0,193.24163892880367
2011-11-27,11,17,204.0,310.56959587717364
2011-02-04,2,2,1.0,6.28024963586094
2012-05-23,5,20,295.0,264.1477492118312
2011-12-20,12,23,53.0,84.42376346883917
2012-07-04,7,5,19.0,-1.8427687661181835
2011-11-19,11,7,41.0,16.98922063614785
2011-10-21,10,2,18.0,-0.3607574588625653
2011-05-17,5,11,130.0,100.79520882613399
2012-11-02,11,23,119.0,111.05086545110754
2012-08-16,8,0,76.0,63.830596479566225
2011-12-24,12,23,17.0,19.323191827000215
2011-11-21,11,2,2.9999999999999716,9.538345581210336
2012-11-12,11,14,444.0,356.94448811182315
2011-05-27,5,1,50.0,24.968586246190142
2011-10-02,10,6,15.0,19.02987294250275
2011-06-23,6,5,24.0,25.659061336534847
2012-04-02,4,5,24.0,43.27104774611766
2012-06-20,6,20,407.0,402.26466330950404
2012-02-29,2,20,97.0,79.29863130656571
2011-06-30,6,10,132.0,133.6411995904451
2012-11-11,11,2,70.0,56.22807638851393
2011-06-03,6,22,171.0,163.03573532558352
2012-07-14,7,9,282.0,308.66686161027496
2011-05-15,5,4,13.0,-0.6812942610178254
2011-04-22,4,15,75.0,54.01321761055681
2011-05-20,5,15,242.0,270.98368111047427
2011-01-13,1,18,144.0,161.13719030937364
2011-09-30,9,21,206.0,172.09082628789247
2011-01-26,1,8,72.0,123.50108217706158
2012-11-26,11,14,228.0,247.5170319663194
2011-01-04,1,6,36.0,36.088111698120116
2012-10-04,10,14,267.0,322.2549745973884
2012-04-06,4,14,490.0,275.26682217383825
2012-04-29,4,19,375.0,384.5411078176677
2012-09-02,9,5,12.0,7.925776170161612
2012-05-24,5,14,252.0,284.01472581035864
2012-03-24,3,10,345.0,267.1991067877931
2011-11-17,11,15,116.0,131.90855661349767
2011-11-22,11,16,62.0,74.24338854069288
2012-08-10,8,2,20.0,24.83284019072721
2012-06-24,6,11,506.0,523.7839609813254
2011-06-25,6,0,116.0,88.30249920458975
2011-12-01,12,15,154.0,176.39133587609655
2011-01-22,1,11,62.999999999999986,68.89777492501635
2011-04-21,4,23,99.0,71.81932109719773
2011-08-19,8,2,7.999999999999972,-7.329112222388858
2012-12-09,12,13,285.0,280.8809351931574
2011-09-25,9,21,137.0,143.68403390137937
2012-08-02,8,11,226.0,227.35722172935647
2011-09-22,9,23,113.0,96.60565188010945
2011-11-09,11,21,161.0,128.51486601955784
2011-04-01,4,17,281.0,259.5033987328942
2011-12-29,12,16,177.0,121.84092135478168
2012-07-12,7,14,209.0,289.36706276120606
2011-05-30,5,6,16.0,2.3910697163590555
2012-10-13,10,2,67.0,49.221946777042945
2011-07-12,7,9,176.0,199.8691338894759
2011-08-28,8,15,469.0,360.59886050039654
2012-05-23,5,4,2.9999999999999716,4.520753915497863
2012-04-25,4,3,2.9999999999999716,1.7075311309673964
2011-01-07,1,5,5.000000000000028,22.225339426494685
2011-12-18,12,9,81.0,143.9006945389793
2012-01-04,1,8,315.0,466.7731981692342
2012-07-19,7,1,25.0,34.83731002766359
2011-12-13,12,18,382.0,355.53544121826496
2012-03-21,3,4,4.0,20.790880281108002
2012-02-06,2,19,291.0,276.0045562128329
2011-09-25,9,23,78.99999999999999,73.36777030803165
2011-02-06,2,7,7.999999999999972,-0.7716086633632528
2012-07-02,7,5,40.0,105.38719217710451
2011-11-07,11,11,128.0,126.91177826184796
2011-05-30,5,10,269.0,174.16848516980838
2011-05-12,5,5,29.0,26.259353560608133
2011-11-28,11,8,407.0,391.71912611605035
2012-10-20,10,6,31.0,57.61819146812584
2011-05-27,5,22,141.0,166.00781776205065
2012-05-15,5,10,171.0,188.53244546514827
2012-10-14,10,9,223.0,264.21117183808116
2012-08-29,8,8,808.0,598.9934933380136
2012-06-27,6,7,527.0,452.17973053532285
2012-10-24,10,18,858.0,822.7769212245253
2011-11-22,11,22,87.0,97.42029019568201
2011-07-06,7,19,394.0,371.5222082273591
2011-11-21,11,16,108.0,105.2097818319183
2012-06-30,6,4,18.0,0.06184565792867147
2011-01-08,1,22,34.0,29.00171321528157
2012-09-09,9,12,757.0,674.4186290915083
2011-10-31,10,14,141.0,175.81494537074988
2011-08-21,8,16,258.0,287.5215069716298
2012-07-10,7,2,16.0,22.83804680741784
2012-08-25,8,10,442.0,392.9105821997606
2012-04-23,4,9,272.0,252.73843103233352
2011-03-14,3,5,7.999999999999972,2.881088501356004
2012-02-20,2,21,98.0,146.79253996546078
2011-04-18,4,2,16.0,2.5397489600186134
2011-02-22,2,20,105.0,74.05352703749753
2012-04-22,4,16,36.0,81.40613627049916
2012-06-20,6,15,179.0,238.18270362623997
2011-10-05,10,18,593.0,528.3510573795727
2011-08-13,8,1,77.0,67.05931183199783
2011-07-04,7,8,86.0,228.8651918644423
2011-01-03,1,6,30.0,19.584017864466006
2011-02-07,2,0,15.0,9.473183002775215
2012-01-17,1,23,61.0,64.770385302619
2012-05-14,5,11,78.99999999999999,130.80597798452135
2011-12-25,12,20,26.0,54.585659810121314
2012-10-01,10,20,262.0,283.94361262066764
2012-06-02,6,18,512.0,524.3051834458522
2012-08-03,8,15,380.0,349.13661552259646
2011-05-09,5,6,88.99999999999999,104.32522852489222
2012-03-16,3,7,278.0,279.3214285792371
2011-02-27,2,12,193.0,203.1422750197038
2012-05-17,5,21,299.0,294.09115420990224
2012-10-07,10,11,336.0,382.80684654603596
2011-07-19,7,22,156.0,169.6851123234569
2011-09-05,9,1,54.0,43.6002485785136
2011-02-04,2,15,90.00000000000001,90.83331683366644
2012-03-16,3,11,207.0,210.13412042894572
2011-02-13,2,12,152.0,123.06904555173637
2011-02-27,2,19,102.0,74.21857940651586
2011-02-04,2,11,64.00000000000001,57.946267560103735
2011-04-24,4,1,54.0,62.92470916842804
2012-10-03,10,23,220.0,149.75597497691024
2012-02-20,2,12,281.0,178.40432826877432
2011-06-16,6,9,261.0,198.48920751367098
2012-10-30,10,23,39.0,92.6135419022479
2012-08-22,8,9,376.0,333.62029500141983
2012-08-14,8,12,300.0,289.72122969637945
2011-09-14,9,14,124.0,185.3828224955081
2012-02-20,2,18,242.0,239.47577992417115
2011-01-03,1,1,2.0,3.56172964638489
2012-01-25,1,1,13.0,13.366381839250437
2011-01-15,1,11,72.0,131.6596564600093
2011-08-24,8,8,468.0,467.448124475408
2011-06-03,6,23,171.0,133.60039839664873
2012-03-25,3,6,18.0,3.820883562167495
2011-09-07,9,23,24.0,49.74385057121597
2011-08-27,8,1,64.00000000000001,64.74835123733
2012-02-17,2,8,520.0,356.1844018566693
2012-07-21,7,13,354.0,317.2514129963361
2011-06-19,6,18,296.0,280.08456468504966
2012-11-27,11,14,93.99999999999999,75.52947674342654
2012-08-10,8,13,290.0,317.8583308163542
2011-10-23,10,8,88.0,76.48300110339977
2011-09-10,9,9,207.0,190.12514646746152
2012-03-29,3,20,335.0,311.4547437704386
2012-11-07,11,22,60.0,118.26609866623942
2012-05-07,5,6,142.0,126.25820232397757
2012-03-06,3,4,2.9999999999999716,1.1218201202668752
2011-05-07,5,18,289.0,392.2719802557542
2012-07-28,7,19,338.0,413.80244852815713
2011-01-07,1,22,36.0,29.884071352689034
2011-12-03,12,22,114.0,115.87486204979918
2012-04-03,4,7,341.0,378.9710388573933
2011-06-17,6,5,13.0,16.816261478646766
2011-04-01,4,4,2.9999999999999716,2.7349624306454245
2011-10-21,10,5,31.0,23.686443817437436
2011-08-03,8,21,88.0,161.53191945044503
2012-07-20,7,5,42.0,45.90834672857625
2011-04-14,4,22,104.0,137.29608380232375
2012-05-20,5,9,313.0,396.1026623518666
2011-03-13,3,5,2.9999999999999716,-3.7098934386136193
2012-06-12,6,20,386.0,317.715452381717
2012-05-30,5,17,839.0,772.7028307831574
2011-06-18,6,21,183.0,204.46359785668628
2011-01-03,1,15,72.0,50.59705378639927
2011-07-15,7,16,361.0,382.6844391915476
2011-11-12,11,4,7.0,4.709568093482943
2012-12-02,12,4,7.0,9.777204576296953
2012-05-02,5,7,358.0,409.18759756551407
2012-11-19,11,17,619.0,569.5430002962604
2012-12-26,12,12,10.0,-0.543751299202313
2012-07-28,7,7,76.0,167.1047032727751
2012-10-01,10,9,340.0,325.87558144366767
2011-04-24,4,0,96.0,67.75352895487295
2011-08-10,8,8,399.0,447.5146979500706
2012-03-10,3,1,51.0,75.64134390745109
2012-07-06,7,9,304.0,345.5205560515249
2012-01-10,1,16,240.0,263.2860598649966
2012-12-17,12,12,232.0,239.03926252088786
2011-07-03,7,15,376.0,328.7316109736457
2012-11-15,11,21,224.0,162.97094804763893
2012-08-18,8,7,64.00000000000001,75.94139706513847
2011-09-07,9,21,38.0,111.90711055821363
2012-12-08,12,14,542.0,269.3225266391014
2011-05-13,5,1,20.0,44.40432265650537
2012-03-04,3,10,192.0,181.8072858339478
2012-11-11,11,0,124.0,102.81997873509647
2012-12-29,12,13,83.99999999999999,178.79068971099682
2011-02-26,2,22,46.0,52.012291718888775
2012-04-25,4,20,380.0,370.21012547272403
2012-06-08,6,16,523.0,506.7181032903753
2011-03-22,3,17,307.0,401.028591045059
2012-03-01,3,2,6.0,11.831599217454283
2011-11-15,11,11,134.0,147.8217041943134
2011-12-06,12,16,88.0,94.9165885058195
2011-05-24,5,3,2.0,8.863077084438089
2012-05-08,5,18,710.0,628.7581115945345
2012-11-23,11,6,20.0,84.08914443899056
2012-07-19,7,16,358.0,419.79131353609
2011-09-15,9,17,261.0,232.01930464984594
2011-08-26,8,15,249.0,243.55513618096555
2011-01-22,1,10,53.0,51.67900928764735
2012-07-21,7,14,343.0,247.2452228882903
2012-12-17,12,14,181.0,190.38373721972687
2012-07-01,7,18,370.0,433.82811455466214
2012-03-23,3,18,830.0,718.419126210715
2011-12-23,12,9,156.0,167.40518441092308
2011-10-19,10,18,140.0,233.9962925368623
2011-10-11,10,10,149.0,156.85863140129925
2011-08-31,8,1,15.0,21.729658236078393
2012-06-30,6,10,404.0,362.21269269037964
2011-11-06,11,7,28.0,14.3144889660569
2012-06-12,6,12,95.00000000000001,108.33743272605922
2012-05-25,5,4,9.0,5.104666314491084
2011-11-13,11,3,28.0,46.4910067785855
2011-04-04,4,19,278.0,306.83482225718734
2011-01-06,1,13,67.0,74.59984237834485
2011-03-24,3,12,93.99999999999999,95.88245108027954
2012-04-29,4,2,40.0,75.27755799035141
2011-03-29,3,12,106.0,123.99234558478213
2012-06-09,6,15,555.0,539.5105776137535
2012-01-10,1,10,83.0,109.36787884834513
2011-12-07,12,3,2.9999999999999716,-2.2278972738718608
2011-06-17,6,7,250.0,284.30064306633767
2012-10-17,10,20,414.0,348.2742497926296
2011-02-03,2,2,2.0,6.141800203482774
2011-01-22,1,21,39.0,31.92281005132017
2011-01-28,1,16,80.0,77.73310529864288
2011-11-29,11,14,36.0,53.86577410968886
2012-03-25,3,13,367.0,367.4035985654132
2012-09-15,9,2,93.0,86.24079309195464
2012-03-09,3,9,284.0,277.0786482507975
2012-09-21,9,1,49.0,53.80682990225665
2011-11-15,11,17,451.0,453.7873468976038
2012-01-04,1,3,1.0,14.003250157866603
2011-01-25,1,0,9.0,5.440610316442758
2012-09-24,9,7,530.0,461.8337728441643
2012-08-05,8,20,193.0,216.31312284896885
2012-12-11,12,13,254.0,245.14200681872148
2012-03-16,3,15,107.0,189.18312563459682
2012-11-06,11,3,4.0,-0.08663075244285778
2011-10-13,10,23,47.0,85.857786003523
2011-10-03,10,9,153.0,208.33373944829492
2012-12-14,12,11,211.0,195.4596912135763
2012-02-28,2,3,6.0,-1.3662269492134556
2012-06-08,6,19,555.0,533.0375655375293
2011-05-16,5,2,13.0,2.5329196192716665
2011-08-02,8,18,556.0,448.5627135756333
2012-08-29,8,10,178.0,240.14596069201627
2011-10-29,10,23,36.0,48.01058549853491
2011-08-01,8,9,166.0,180.30507171819704
2012-01-16,1,7,33.0,44.854006821577656
2012-05-10,5,14,247.0,291.36450377267494
2012-11-29,11,11,163.0,210.85362396652883
2011-05-16,5,12,209.0,204.17468188445469
2011-09-29,9,15,227.0,192.4636177545687
2012-12-28,12,22,62.0,78.60218119152722
2011-10-14,10,1,24.0,16.647369706493436
2012-02-11,2,23,20.0,78.82750497810818
2011-04-18,4,0,39.0,14.115382959062174
2012-08-13,8,20,432.0,443.1818802721541
2012-03-21,3,15,243.0,233.92560890657927
2011-03-14,3,2,1.0,-1.2515382364925074
2011-09-28,9,11,151.0,184.96630122290765
2011-06-16,6,18,325.0,433.9609255402504
2011-04-06,4,14,115.0,143.48504389449275
2012-01-22,1,18,121.0,94.92858559158131
2011-02-05,2,6,4.0,-0.720581644657301
2011-02-15,2,2,2.9999999999999716,8.775245990233401
2012-09-10,9,9,361.0,313.5130549087071
2012-03-31,3,21,143.0,197.55805777606517
2011-05-11,5,4,2.0,7.488096850513813
2011-06-08,6,21,202.0,217.24357614922772
2012-05-26,5,2,64.00000000000001,66.57968284897898
2012-02-02,2,22,109.0,102.56890723818958
2011-12-27,12,16,46.0,79.36181381921367
2012-08-19,8,4,26.0,15.640287439458348
2012-09-10,9,19,633.0,615.6705724169235
2011-05-10,5,23,81.0,89.70942951852027
2012-06-19,6,20,458.0,402.71229910120746
2012-07-23,7,0,47.0,61.33194648752516
2011-11-22,11,12,21.0,41.3253302460553
2012-07-25,7,8,788.0,609.8226158628584
2012-04-08,4,20,211.0,315.01947367392575
2011-10-17,10,11,166.0,149.61288215447507
2011-02-09,2,5,7.0,6.73638065827808
2011-01-13,1,15,60.0,53.696661733494835
2012-10-11,10,21,260.0,241.06093272652151
2011-03-11,3,11,81.0,70.90866245355414
2012-05-07,5,21,247.0,223.98443819066537
2011-08-07,8,10,266.0,288.9067573351466
2012-01-21,1,0,24.0,9.349601586860473
2011-08-19,8,13,232.0,234.5900438803225
2011-09-26,9,21,182.0,185.32828937828359
2012-03-13,3,4,1.0,24.226938311397078
2011-10-12,10,7,259.0,266.30593636841485
2012-09-22,9,20,325.0,431.8464801756545
2012-01-28,1,21,127.0,153.73415168318104
2011-04-05,4,20,91.0,118.3721272366987
2012-06-25,6,11,181.0,198.55836494248842
2011-09-24,9,5,5.000000000000028,18.854587332040808
2012-01-26,1,15,164.0,171.09270428490473
2012-10-14,10,15,567.9999999999999,601.2324425115179
2011-07-08,7,13,229.0,212.9177037447118
2012-03-03,3,8,48.0,66.02836638166411
2011-12-05,12,6,90.00000000000001,61.69734731157317
2011-10-18,10,6,109.0,112.5914639084979
2012-07-03,7,20,376.0,391.5107075540905
2011-10-19,10,13,106.0,103.3331477367858
2011-12-18,12,18,138.0,189.96069926556353
2011-12-02,12,17,411.0,350.97260775041207
2012-06-27,6,22,297.0,243.6377731388089
2012-10-22,10,23,163.0,101.7076982376793
2011-12-05,12,1,12.0,15.922151595689542
2011-05-04,5,11,72.0,93.04193498027635
2012-08-13,8,10,199.0,228.36492150225936
2011-01-01,1,12,83.99999999999999,115.59900856108175
2012-02-26,2,21,83.0,87.81066127381051
2011-09-27,9,5,24.0,9.465943698258002
2011-01-29,1,7,5.000000000000028,5.153290630033467
2011-08-25,8,13,37.0,132.4560372900714
2011-02-07,2,12,66.0,60.97304521554682
2011-08-10,8,22,139.0,172.85956553156998
2012-07-28,7,12,487.0,476.43287339291044
2011-11-10,11,18,273.0,317.64210729713807
2012-04-16,4,13,263.0,361.4314263984131
2012-01-04,1,12,83.99999999999999,103.74167304004685
2011-09-05,9,4,7.999999999999972,57.118339031301275
2012-09-04,9,3,10.0,15.5745857518626
2012-06-17,6,7,48.0,133.77377440362315
2011-09-20,9,15,192.0,163.3853465086925
2012-10-22,10,14,282.0,294.4496282071901
2012-09-17,9,17,842.0,818.1264386388974
2012-07-12,7,16,439.0,454.29822887789396
2011-05-06,5,13,253.0,257.0436954886986
2011-11-04,11,22,115.0,105.07303708171891
2012-09-18,9,20,290.0,233.05049970222134
2011-02-21,2,15,87.0,93.37269311213136
2011-02-18,2,17,327.0,343.2395649436943
2011-05-03,5,5,14.0,32.71661077345661
2012-09-16,9,7,71.0,130.90243656209287
2011-07-16,7,17,475.0,417.2221253324221
2012-01-29,1,19,159.0,140.85857910189708
2011-01-30,1,23,21.0,14.113403587804413
2011-01-10,1,3,1.0,0.3683932469509159
2011-06-02,6,18,525.0,540.7184695195207
2012-03-27,3,21,221.0,190.69430016546391
2012-05-22,5,8,590.0,558.8579939809802
2011-10-18,10,23,70.0,84.86847530135584
2011-12-11,12,13,268.0,224.4012501184522
2012-02-22,2,23,62.0,68.15147932239935
2011-02-28,2,15,35.0,17.166509070708457
2011-12-13,12,10,102.0,131.28975177969042
2012-04-27,4,11,233.0,234.4862597199661
2011-12-16,12,11,144.0,147.5465145152573
2011-12-22,12,22,17.0,58.09344088891635
2012-05-03,5,1,24.0,50.37999147926615
2011-08-24,8,11,185.0,165.12257262046543
2012-09-23,9,19,413.0,394.8976944749678
2011-05-10,5,17,611.0,450.86714921212183
2012-01-18,1,13,130.0,138.5250208447731
2012-07-20,7,12,274.0,219.15314618368245
2011-07-01,7,5,30.0,37.685463393895816
2011-11-26,11,15,314.0,358.5362790635817
2011-01-12,1,8,128.0,245.67632977849496
2012-01-15,1,22,60.0,61.425164989614046
2011-06-29,6,0,36.0,37.65090053818167
2012-11-30,11,8,729.0,435.9088268329797
2011-09-02,9,10,140.0,169.17220320612958
2011-03-25,3,14,133.0,126.14129921030325
2011-05-25,5,13,202.0,186.59569133263662
2011-01-29,1,4,2.9999999999999716,2.119206813842567
2011-08-22,8,3,5.000000000000028,-1.3147415174681214
2012-07-30,7,10,189.0,252.44116812502742
2012-01-21,1,13,76.0,223.18539126127905
2012-02-27,2,20,219.0,228.31219372220377
2012-04-01,4,8,125.0,130.3727271815661
2011-04-06,4,13,112.0,149.29953915950065
2012-06-29,6,16,351.0,327.7214503147717
2011-03-25,3,15,122.0,143.30949939091244
2012-11-12,11,17,596.0,603.2833373560013
2012-02-18,2,15,499.0,324.28284004752925
2012-10-26,10,1,36.0,51.42655021495645
2011-07-29,7,21,163.0,199.74557437409626
2012-03-13,3,23,87.0,96.73853413401642
2012-09-21,9,2,14.0,16.313403136879487
2012-02-25,2,12,258.0,256.49564100833976
2011-12-02,12,15,199.0,234.1217076109836
2011-05-24,5,21,189.0,198.08470858066988
2012-05-05,5,9,284.0,299.6342171052716
2011-07-14,7,23,124.0,117.61638980121843
2012-01-27,1,11,105.0,134.38942428796565
2011-05-17,5,1,13.0,62.644887530147656
2011-11-17,11,8,355.0,270.051333266265
2011-02-22,2,19,118.0,104.58673255494952
2011-12-06,12,14,75.0,69.71145527842916
2011-05-20,5,23,115.0,159.69254354814433
2012-06-03,6,7,35.0,98.13877120956296
2011-08-19,8,23,106.0,116.46694806742612
2011-08-21,8,2,64.00000000000001,50.09056357697875
2012-06-13,6,21,396.0,306.897327910586
2012-10-20,10,1,95.00000000000001,74.84447576746821
2011-02-13,2,21,51.0,58.263669837507706
2011-01-07,1,19,95.00000000000001,85.94310538654749
2011-10-28,10,20,143.0,132.33586472852718
2011-05-29,5,22,171.0,128.69378431527448
2011-09-28,9,7,185.0,174.74347150528115
2012-03-25,3,14,414.0,303.12305359092693
2012-08-26,8,10,385.0,406.51413505891173
2011-03-22,3,15,134.0,154.20577266801652
2012-02-02,2,16,229.0,265.2626662788373
2012-06-13,6,16,392.0,437.1185079706522
2012-01-15,1,12,234.0,181.1752314342045
2012-12-12,12,3,10.0,-1.4105628090304663
2012-05-09,5,23,55.0,56.61341853857655
2012-01-15,1,13,224.0,211.46538667316827
2011-11-25,11,4,7.0,0.726532532514284
2011-09-15,9,20,248.0,197.31050103397044
2012-01-15,1,2,43.0,29.24581972514798
2011-11-07,11,21,139.0,113.20398440224568
2012-09-15,9,6,33.0,152.6486787925951
2011-06-19,6,3,30.0,28.123155721627825
2012-02-27,2,13,182.0,181.94929116191443
2011-08-28,8,10,142.0,255.9827481266845
2012-02-13,2,16,211.0,250.6765852897113
2011-11-02,11,13,161.0,182.2774122809175
2011-01-10,1,12,52.0,55.70036918273959
2012-07-31,7,22,257.0,215.47588984236995
2011-10-20,10,13,164.0,171.93872275741273
2012-11-24,11,4,2.9999999999999716,-52.32693064428756
2012-08-08,8,19,686.0,626.2349482840642
2012-09-11,9,16,536.0,507.68674999311827
2012-04-18,4,2,9.0,46.26452299407984
2012-10-14,10,1,112.0,91.83568322984479
2012-12-23,12,2,18.0,16.564676227839414
2011-03-06,3,13,105.0,175.01041428172076
2011-01-09,1,16,92.0,84.57756837944409
2011-07-10,7,1,113.0,86.32604688439822
2012-01-30,1,3,4.0,-0.19831096876316678
2012-05-02,5,10,175.0,164.82116925380754
2011-09-25,9,17,420.0,439.35711977568224
2012-06-16,6,15,583.0,629.0315770408134
2011-03-03,3,7,111.0,101.09946346617232
2012-10-26,10,16,582.0,446.3169800815575
2011-10-10,10,15,384.0,330.75454033895545
2012-02-02,2,20,213.0,197.23939793681242
2012-12-24,12,16,33.0,69.60860161405083
2011-02-18,2,0,32.0,30.66963959684884
2011-01-07,1,17,187.0,160.227936758378
2012-03-18,3,2,56.0,147.9090934787042
2012-12-11,12,15,270.0,253.59476991314415
2012-06-27,6,18,804.0,804.4508982899192
2012-11-16,11,16,383.0,403.63203296237936
2012-09-30,9,5,10.0,11.204599644226704
2012-12-21,12,8,472.0,433.7775879298348
2011-07-13,7,20,342.0,256.4904579836682
2011-05-30,5,23,48.0,65.26846251285798
2011-01-30,1,14,122.0,140.81239893187802
2011-01-17,1,7,13.0,12.05588162043972
2011-01-01,1,16,93.0,138.7966074008206
2012-03-31,3,23,112.0,86.24014817433029
2011-05-14,5,22,26.0,114.9390643906388
2012-05-30,5,2,5.000000000000028,-6.628917569252906
2012-09-01,9,8,162.0,306.3005427178852
2011-09-01,9,2,25.0,19.871261776678466
2012-08-30,8,11,276.0,271.59660026782285
2012-06-22,6,19,362.0,458.105455461553
2011-02-22,2,7,40.0,94.48078790280037
2011-01-01,1,8,7.999999999999972,14.322089466333779
2012-12-20,12,12,212.0,241.27314583818963
2011-11-20,11,4,12.0,-2.5578755980573646
2011-05-15,5,9,134.0,174.80581041477078
2011-08-22,8,2,7.999999999999972,10.57155485714901
2012-02-19,2,19,119.0,116.61394031364466
2012-10-09,10,14,244.0,282.90322628522483
2012-03-22,3,13,298.0,267.59812208403036
2012-06-23,6,4,19.0,1.655138144589671
2012-01-19,1,17,385.0,280.9432634249067
2012-05-03,5,2,17.0,25.971805311281543
2011-10-24,10,12,220.0,187.1336017958211
2011-09-05,9,12,353.0,276.09739317693726
2012-08-10,8,10,193.0,188.36129105049028
2012-12-22,12,21,53.0,36.39250417515808
2012-04-13,4,19,427.0,470.4880241824777
2011-05-23,5,21,188.0,168.45408309127032
2012-04-13,4,6,83.99999999999999,100.41999347861689
2011-08-12,8,13,253.0,264.26541089309524
2012-07-26,7,16,374.0,353.71355978400334
2012-04-03,4,8,604.0,655.3849516005286
2012-02-15,2,20,211.0,202.45467148630206
2012-02-02,2,21,148.0,151.41840860232048
2011-07-06,7,22,186.0,159.58032450782073
2011-12-03,12,21,109.0,115.28053325321683
2011-05-23,5,22,131.0,123.6322657985406
2011-05-15,5,3,32.0,26.96400895585225
2011-10-23,10,6,12.0,11.693279803410576
2011-07-19,7,14,152.0,126.51831304179237
2011-09-13,9,13,184.0,186.45210506516014
2011-05-29,5,21,229.0,201.8254401002995
2011-03-23,3,8,261.0,302.41294362590213
2011-03-23,3,0,11.0,8.155801809819621
2012-11-02,11,2,10.0,16.020748704248263
2012-03-21,3,7,372.0,231.59559517380765
2012-01-11,1,5,22.0,25.0159620126947
2011-10-13,10,17,479.0,333.5899579404565
2011-03-28,3,0,12.0,-1.0622154230728995
2011-11-05,11,0,52.0,114.40419916769628
2011-01-21,1,6,27.0,33.15225353917688
2012-10-02,10,22,240.0,176.13768558158523
2012-08-23,8,5,37.0,41.7027248529042
2011-01-17,1,8,33.0,58.710144536433944
2012-12-17,12,23,47.0,68.91876297998171
2011-07-22,7,15,133.0,148.3107223489693
2011-12-22,12,17,356.0,232.65066148920684
2011-03-26,3,8,66.0,51.506246821409604
2012-09-26,9,9,334.0,329.7438495569604
2011-10-14,10,20,196.0,189.8684028394162
2012-11-17,11,11,423.0,383.457640652349
2011-04-08,4,6,35.0,50.791493734838184
2012-05-22,5,0,36.0,52.42537543488746
2012-04-21,4,5,1.0,13.794871233225905
2012-04-08,4,15,486.0,520.2509150799316
2011-02-22,2,12,55.0,51.17754872467248
2012-03-21,3,14,225.0,229.21261760227537
2012-06-05,6,11,227.0,258.9128220286509
2011-12-13,12,4,4.0,10.431233039136828
2011-04-24,4,23,42.0,46.09011704837681
2011-08-02,8,5,21.0,22.716908535637288
2012-05-01,5,20,335.0,393.89189290874197
2011-01-10,1,14,47.0,52.01676400685952
2012-03-09,3,17,566.0,481.82852572557
2011-01-06,1,10,45.0,49.34337293297088
2012-10-24,10,9,373.0,371.7330634727979
2011-01-26,1,9,58.0,69.72293583602328
2012-02-29,2,9,38.0,171.4216777797845
2012-06-02,6,23,238.0,169.25686874724244
2011-09-02,9,21,149.0,190.86088864049674
2011-07-24,7,6,22.0,-7.939439859862972
2011-04-18,4,17,428.0,476.52542874190306
2012-06-25,6,4,4.0,0.762234028540945
2011-10-08,10,9,217.0,196.23086961181374
2011-11-20,11,23,28.0,35.15672666445104
2011-05-16,5,15,165.0,181.31529845658517
2011-06-12,6,13,373.0,389.8003862453696
2012-07-31,7,16,402.0,421.04471934110103
2011-07-18,7,1,25.0,26.02355783510103
2012-08-21,8,10,178.0,245.87120332889285
2012-05-22,5,17,785.0,746.5568485105771
2012-10-16,10,16,446.0,459.96921742157497
2012-11-01,11,11,170.0,158.61849071958864
2011-05-01,5,19,178.0,137.04549582766197
2011-09-16,9,6,93.0,85.36722568620795
2012-02-28,2,23,65.0,71.12340965762189
2012-04-03,4,1,11.0,23.27789169642668
2012-04-28,4,2,57.0,39.916689488633494
2012-09-06,9,6,200.0,162.19451419215088
2012-04-10,4,22,127.0,128.36685581578476
2011-06-13,6,4,4.0,0.8287569576967542
2012-07-21,7,21,163.0,205.08007586231508
2012-02-25,2,18,133.0,159.19634051572132
2012-05-22,5,9,333.0,319.77282339828713
2012-09-08,9,5,15.0,15.899462767801424
2012-10-28,10,14,402.0,371.14683109991404
2012-12-06,12,10,145.0,151.74765380208999
2011-08-23,8,6,114.0,120.03091869623294
2011-10-03,10,2,4.0,-3.2341805061343507
2011-07-21,7,17,414.0,445.45831453143677
2011-05-03,5,7,265.0,250.1634861061175
2012-05-20,5,2,98.0,82.65571410794671
2011-06-21,6,2,6.0,2.596931202589815
2012-10-16,10,8,835.0,694.1289220429087
2012-04-06,4,1,38.0,41.63459269029937
2011-02-12,2,7,11.0,1.758245290550036
2011-12-12,12,19,241.0,207.17779538873788
2011-04-16,4,3,14.0,6.543580950089961
2011-08-05,8,17,550.0,540.1923877657447
2012-08-05,8,7,67.99999999999999,153.06767241153162
2011-12-21,12,10,88.99999999999999,79.6831960611054
2012-08-09,8,1,28.0,19.20328181158669
2012-02-03,2,19,267.0,229.89838440540655
2012-07-27,7,11,251.0,262.9528056151872
2012-11-16,11,7,367.0,350.4373112071456
2012-08-22,8,6,187.0,154.83367223830035
2012-10-06,10,2,75.0,103.56105275555736
2012-09-13,9,15,352.0,318.48745646445127
2011-12-25,12,17,44.0,99.91744416763835
2011-12-04,12,18,171.0,214.36199388096537
2012-11-24,11,8,62.0,98.15915508366783
2012-09-03,9,23,70.0,116.85770867976458
2011-05-30,5,12,366.0,295.91737401674493
2012-11-26,11,6,124.0,117.12579386719766
2011-07-08,7,16,132.0,190.93600675756093
2011-01-29,1,15,120.0,118.71750504831981
2011-07-17,7,2,93.99999999999999,68.0706831716655
2012-06-09,6,18,451.0,509.6205491548375
2011-08-26,8,13,237.0,230.64061893780587
2012-01-29,1,10,191.0,149.13402068599333
2012-05-01,5,2,7.999999999999972,11.049481118451467
2011-08-25,8,17,312.0,409.51289666066356
2012-04-03,4,12,331.0,276.1856293467303
2012-08-06,8,10,213.0,207.40764500625193
2011-12-12,12,1,9.0,11.099136310744
2011-01-24,1,12,62.999999999999986,47.21062357486349
2011-01-02,1,21,31.0,33.93223277218095
2011-10-24,10,13,198.0,175.58612608707531
2011-07-17,7,1,102.0,91.40435100883694
2012-09-16,9,4,7.999999999999972,15.608794293620718
2011-10-25,10,0,30.0,26.503609624307558
2012-07-28,7,13,498.0,491.83125560464134
2012-12-24,12,23,11.0,-8.788525985222037
2011-11-12,11,22,118.0,154.82618721577876
2012-10-13,10,11,527.0,479.43474561782307
2011-06-08,6,3,2.9999999999999716,7.570351976173669
2012-04-06,4,7,246.0,275.06377096507447
2012-12-28,12,2,5.000000000000028,-6.4298867090661815
2011-08-26,8,7,266.0,297.4865525910954
2012-07-24,7,4,6.0,12.082970555615844
2011-09-29,9,4,7.0,14.183949432766155
2012-10-11,10,11,251.0,304.306456399902
2012-03-10,3,0,77.0,76.32131471285042
2012-02-03,2,13,198.0,225.56094613511488
2012-07-03,7,22,177.0,199.93880575032995
2012-03-17,3,10,443.0,245.019407162677
2012-09-13,9,8,758.0,777.1821516422956
2012-02-28,2,8,559.0,398.18321748780056
2011-09-09,9,9,136.0,130.19411521295544
2011-12-17,12,19,106.0,95.03543507020473
2012-03-20,3,11,230.0,166.7675175489156
2012-08-03,8,10,249.0,225.5816816638722
2012-08-04,8,8,181.0,253.2882976887437
2011-08-12,8,18,465.0,475.5334934666038
2011-03-19,3,0,76.0,113.23969726802552
2012-07-18,7,14,170.0,187.5456107356764
2012-08-24,8,4,7.999999999999972,-3.667189831320144
2012-10-03,10,21,209.0,296.64783825373377
2011-09-19,9,13,177.0,213.66551077952806
2012-01-15,1,17,146.0,160.09771466496943
2012-08-14,8,10,208.0,178.3288750487806
2011-05-09,5,2,7.999999999999972,8.579369384438792
2011-03-02,3,1,4.0,5.273029162554678
2011-02-20,2,12,182.0,164.50576431490254
2011-11-06,11,9,170.0,143.7565343750681
2011-02-28,2,21,80.0,63.90443321548237
2012-08-16,8,18,832.0,785.3530936348915
2012-06-01,6,19,45.0,217.83475744510653
2012-08-17,8,18,669.0,657.6081647515415
2012-11-02,11,10,204.0,246.28577750315532
2012-04-14,4,22,212.0,209.13571449732902
2011-10-20,10,15,160.0,185.8392524095163
2012-08-02,8,21,342.0,317.93604604996176
2011-05-21,5,11,418.0,349.7706709271755
2011-03-07,3,16,122.0,107.7232995481107
2011-11-21,11,10,135.0,111.63731907738419
2012-05-18,5,5,34.0,42.69962348488792
2012-08-09,8,15,267.0,293.90134134427996
2012-10-25,10,6,171.0,160.30171304646052
2012-07-12,7,6,178.0,165.29655710900863
2012-02-17,2,3,1.0,15.146192340870755
2012-12-30,12,16,133.0,193.5274094877292
2012-08-31,8,14,436.0,359.29790475151003
2011-11-13,11,1,71.0,46.944665838637974
2012-09-05,9,12,266.0,277.68557850806394
2012-05-21,5,4,7.0,-18.4033772973807
2011-04-29,4,21,195.0,144.44529349482562
2011-02-17,2,16,146.0,159.62696709290998
2012-10-01,10,17,856.0,790.6146978554607
2012-09-30,9,16,648.0,693.5002288955523
2012-07-02,7,9,295.0,277.17210629394197
2012-02-22,2,15,195.0,213.37525741765762
2011-10-12,10,12,62.0,111.04035065962843
2012-01-13,1,5,21.0,16.73282478866392
2012-05-25,5,20,350.0,351.6643355281651
2011-08-05,8,11,147.0,161.6788576689151
2012-01-13,1,7,177.0,222.05525754946717
2012-09-23,9,9,276.0,295.3810342700574
2011-08-20,8,16,373.0,398.9709646802582
2012-03-10,3,16,390.0,278.30949558012753
2011-08-05,8,3,6.0,4.64451047170553
2011-07-20,7,15,138.0,131.0791102776322
2011-05-11,5,9,203.0,207.9434884170427
2011-07-03,7,11,390.0,310.4517893627893
2011-12-24,12,13,121.0,120.10201581220021
2012-04-25,4,4,6.0,5.966834761288823
2012-04-07,4,13,643.0,555.9330490406026
2011-07-21,7,11,106.0,97.18259703438257
2012-07-28,7,22,276.0,225.63368858604485
2012-06-07,6,7,526.0,431.24216701157815
2012-02-04,2,21,78.0,69.27827142340713
2011-04-13,4,7,70.0,76.93128246246292
2011-04-13,4,17,309.0,347.4196313163432
2012-01-21,1,9,42.0,97.60813399288355
2012-05-25,5,7,359.0,383.086053660093
2011-12-01,12,7,276.0,263.52007179635325
2012-11-26,11,0,23.0,37.44264256977689
2012-08-02,8,9,343.0,326.10328360943345
2011-06-22,6,2,7.0,17.716254669964258
2011-03-28,3,14,80.0,77.21963606974133
2012-07-25,7,7,507.0,445.74986337584244
2012-11-17,11,23,133.0,116.17835634132675
2011-06-25,6,17,399.0,407.9301086492105
2012-07-29,7,7,40.0,153.05131257638254
2011-01-23,1,1,13.0,15.523510059871882
2012-02-09,2,13,154.0,134.84853144226994
2012-09-06,9,4,7.999999999999972,9.33809779605403
2011-09-09,9,10,29.0,119.72414004140562
2012-06-30,6,3,23.0,31.588820498065218
2011-09-15,9,2,5.000000000000028,17.279691557752415
2012-07-03,7,17,722.0,822.4519369376214
2012-04-16,4,6,133.0,106.90405349545962
2012-02-23,2,12,224.0,226.94506012068712
2012-12-31,12,12,224.0,111.27372504546827
2011-06-30,6,0,54.0,52.031929872194866
2012-07-09,7,19,631.0,622.3038455944711
2011-10-11,10,18,539.0,437.1857854012265
2011-01-05,1,12,78.99999999999999,82.97470938485503
2011-10-19,10,22,107.0,109.12250548473344
2011-08-06,8,4,10.0,-0.8204250659402135
2011-01-11,1,21,20.0,30.645080156211122
2012-07-02,7,23,102.0,121.35332927604534
2012-02-03,2,8,441.0,470.7039476144864
2012-06-22,6,1,31.0,35.825465199973735
2011-09-11,9,3,45.0,39.493778888141236
2011-03-01,3,21,62.999999999999986,69.93132437836144
2011-03-11,3,14,88.99999999999999,88.11275532533496
2011-12-18,12,5,5.000000000000028,13.920282210316628
2012-12-13,12,23,120.0,106.15256709164012
2012-10-15,10,18,592.0,513.0211050878519
2011-02-14,2,21,43.0,81.81946972578312
2011-09-05,9,10,244.0,204.68345219774702
2012-01-11,1,0,28.0,32.77185583152968
2011-04-07,4,12,153.0,134.83624649782823
2012-12-12,12,5,37.0,25.868893930766944
2011-04-30,4,21,177.0,143.91649832839346
2012-01-23,1,1,4.0,14.353751512460946
2012-02-19,2,13,261.0,259.3125510177817
2011-09-13,9,7,362.0,366.48342099994596
2011-06-05,6,3,47.0,34.871868293367044
2012-11-10,11,10,350.0,311.7164181303704
2012-10-25,10,9,343.0,398.94857827959265
2012-07-01,7,10,366.0,330.19737896018734
2011-03-09,3,16,112.0,73.44967701175565
2011-03-07,3,0,4.0,13.016686818438245
2011-06-17,6,0,24.0,54.3903119877119
2012-05-19,5,1,104.0,112.71013011849082
2012-12-06,12,13,245.0,209.41525536949123
2012-04-25,4,18,709.0,753.9366807674944
2012-05-28,5,13,556.0,366.71510018441245
2012-04-13,4,2,11.0,5.448966738243087
2011-02-19,2,14,196.0,187.70597012844075
2011-02-27,2,7,14.0,3.4463493233780014
2012-10-16,10,14,308.0,311.7528750001393
2011-04-17,4,0,33.0,52.927246474020734
2012-09-17,9,2,13.0,12.236074318469377
2011-11-12,11,7,27.0,22.23827447589784
2011-10-02,10,7,29.0,31.23470487745783
2012-09-26,9,0,40.0,85.95120854753863
2011-09-06,9,8,364.0,226.87473397215734
2011-09-23,9,8,317.0,219.6362018103581
2011-11-05,11,21,118.0,91.64026341898764
2012-03-17,3,20,271.0,368.22171567052726
2012-12-12,12,0,34.0,76.31787866658976
2011-03-30,3,10,64.00000000000001,86.17746201209624
2012-10-08,10,9,332.0,303.5687921192165
2011-01-01,1,18,35.0,50.39034203703781
2011-06-03,6,12,259.0,236.85639539997197
2011-12-01,12,22,104.0,84.41619256586156
2011-12-25,12,9,23.0,28.91868633524993
2011-06-19,6,8,83.99999999999999,93.84430738054736
2012-05-15,5,4,5.000000000000028,-9.911959102514942
2011-03-19,3,22,72.0,78.09281869112029
2011-07-07,7,8,443.0,430.6558469358416
2012-08-14,8,18,854.0,780.4227892790486
2011-08-11,8,9,197.0,211.23696586968165
2012-01-05,1,23,60.0,60.89304015455204
2012-09-02,9,4,22.0,-0.6337496023901963
2012-12-19,12,16,334.0,370.16642295956285
2012-04-28,4,6,28.0,25.210526499862112
2012-07-20,7,6,126.0,139.48846898615457
2011-11-17,11,11,97.0,78.98821794390605
2011-01-25,1,9,144.0,130.38377686525493
2011-07-19,7,1,13.0,45.48130449225161
2012-02-12,2,11,124.0,159.82745694710346
2011-03-22,3,5,12.0,10.197427150364433
2011-11-14,11,5,19.0,21.710529314398542
2012-12-30,12,22,36.0,46.000249349764374
2011-04-17,4,7,16.0,81.59459810608516
2011-08-13,8,15,358.0,178.69508266506563
2012-03-26,3,8,657.0,630.8533725575342
2012-01-29,1,5,7.0,12.6948070011357
2011-11-27,11,20,104.0,146.17687176394156
2012-12-21,12,10,154.0,125.39847003327695
2011-04-24,4,21,61.0,82.15369284366162
2012-06-15,6,3,5.000000000000028,13.421774937900722
2012-11-25,11,14,203.0,241.62697864153213
2011-11-24,11,20,31.0,90.72520039871196
2011-11-11,11,10,200.0,143.16609448064955
2011-09-21,9,22,127.0,115.88757973396865
2012-04-18,4,16,235.0,290.62219302576233
2012-03-27,3,10,138.0,124.7385552229543
2011-03-06,3,3,11.0,-7.677465895960665
2012-11-22,11,3,6.0,-49.62205021607397
2012-10-13,10,18,473.0,388.3689402757124
2012-05-23,5,13,270.0,238.29565195829053
2011-08-12,8,7,264.0,276.2369069822259
2012-10-05,10,15,470.0,416.5662375625375
2012-08-08,8,16,441.0,423.8943244391952
2011-12-11,12,20,72.0,76.98842162110492
2012-04-03,4,2,5.000000000000028,-4.222282765342641
2011-08-04,8,16,290.0,288.9060640413794
2012-09-01,9,23,145.0,176.38025421918397
2011-06-25,6,19,375.0,282.225803782149
2012-07-20,7,22,135.0,173.41900962173543
2012-03-28,3,18,641.0,787.5895862782996
2011-03-12,3,7,23.0,1.5077030164230223
2012-03-12,3,3,2.0,22.027598338364612
2012-02-13,2,6,72.0,54.49672097117863
2011-05-16,5,7,272.0,265.289859921886
2012-11-24,11,21,75.0,99.72891065051215
2011-02-20,2,10,104.0,88.24041737960212
2011-09-20,9,23,81.0,95.84761996736587
2012-08-21,8,5,34.0,41.4583725709912
2012-06-25,6,22,187.0,204.64834441787477
2011-05-13,5,4,5.000000000000028,52.41604821053804
2011-05-08,5,2,59.0,46.74882956823177
2012-09-12,9,1,21.0,43.12678934969168
2012-10-20,10,3,29.0,35.03373388130896
2011-11-21,11,18,192.0,151.37689363105414
2012-06-06,6,6,172.0,164.82612112082577
2012-10-31,10,15,230.0,258.39681920932117
2012-05-13,5,8,156.0,171.97297610877507
2012-03-25,3,21,149.0,173.6853676523551
2012-07-03,7,4,6.0,20.20228156337498
2011-11-01,11,13,167.0,187.7739222426892
2011-11-14,11,6,114.0,94.92691130121827
2011-11-06,11,12,346.0,332.7254233151989
2012-04-09,4,6,111.0,115.3213400201971
2011-02-04,2,18,155.0,156.4988492298037
2012-05-18,5,15,391.0,401.49259527131005
2012-09-10,9,17,871.0,916.8706425235404
2012-05-06,5,14,518.0,413.74343986454994
2012-09-26,9,3,10.0,16.96846754114017
2012-06-23,6,6,47.0,37.42557892286203
2012-01-21,1,12,67.0,237.80074685525457
2012-12-01,12,5,13.0,11.861053441578349
2012-06-18,6,1,14.0,21.906513360265052
2011-04-27,4,19,260.0,333.31070367640893
2011-03-30,3,21,27.0,45.98768963807254
2011-01-02,1,22,9.0,21.041379766921295
2012-10-12,10,4,7.999999999999972,2.1133010763028324
2011-12-12,12,11,115.0,105.25434230024942
2011-10-29,10,5,1.0,-17.21432697922154
2011-07-16,7,21,252.0,229.87728118973268
2012-03-16,3,22,148.0,114.70522179193084
2012-10-23,10,6,158.0,158.94145114508234
2012-12-28,12,4,4.0,0.6918689670111178
2011-10-19,10,5,2.9999999999999716,-9.391475071225642
2011-09-25,9,0,173.0,70.9045861000871
2011-05-02,5,3,16.0,22.59876071278032
2011-12-04,12,4,11.0,10.84601920196937
2012-09-27,9,6,169.0,173.4398820667936
2011-04-12,4,0,24.0,24.71800973513041
2011-08-12,8,2,15.0,5.320028561125071
2011-07-08,7,18,316.0,406.18384738364995
2011-04-20,4,3,2.0,-1.2246288935280347
2011-11-17,11,0,24.0,30.70433800516321
2011-04-20,4,13,177.0,187.9427946608891
2011-08-19,8,14,220.0,209.453425851612
2012-11-04,11,7,50.0,56.71307324319946
2012-04-02,4,11,209.0,186.35966380766604
2011-10-26,10,11,155.0,179.160499793726
2011-05-11,5,2,10.0,-19.32459548627898
2011-05-08,5,22,115.0,93.90680602645666
2012-01-19,1,6,86.0,61.475237994354075
2012-03-01,3,9,286.0,294.91705290244056
2012-12-30,12,8,33.0,1.7132972313863206
2011-08-03,8,14,147.0,182.35736758674255
2012-02-15,2,4,1.0,5.716301803000249
2012-01-21,1,11,62.999999999999986,192.6019709035979
2011-04-29,4,4,6.0,40.3270410541071
2012-08-21,8,16,467.0,463.208541709649
2012-03-06,3,20,187.0,180.98398221147676
2011-12-20,12,6,72.0,110.3747699945926
2012-07-17,7,20,427.0,416.01272818605065
2011-04-27,4,12,173.0,147.65177073821636
2012-10-14,10,22,125.0,149.42818389835685
2012-06-19,6,1,14.0,34.308179074623524
2011-02-02,2,12,64.00000000000001,33.849850259482054
2011-03-17,3,15,125.0,113.5493230620611
2012-01-25,1,10,141.0,100.79065989092607
2011-03-20,3,2,30.0,27.12094830482377
2011-08-01,8,8,382.0,421.06593859778985
2012-04-28,4,9,214.0,217.0353731649178
2011-02-07,2,16,114.0,127.4974562740708
2012-07-09,7,4,2.0,26.056875081733892
2011-06-09,6,3,2.0,9.164827025075112
2012-11-15,11,18,573.0,527.153210582841
2011-10-09,10,5,15.0,16.15540834407568
2012-08-03,8,23,196.0,164.04773172088204
2011-07-23,7,22,125.0,192.25939633003884
2011-11-30,11,22,87.0,81.72904207815316
2012-02-04,2,14,276.0,239.64899667016465
2012-04-12,4,3,5.000000000000028,4.9889465798033825
2012-10-31,10,9,297.0,307.7561200834871
2011-09-04,9,7,30.0,54.89861018305629
2011-09-09,9,18,410.0,455.83689533379766
2012-02-12,2,13,138.0,175.9021056014993
2011-04-19,4,19,276.0,241.81102706052638
2012-07-13,7,5,34.0,62.06958469770599
2012-01-30,1,2,7.0,8.915253474324942
2012-04-29,4,8,107.0,129.3060153083297
2012-08-03,8,1,43.0,49.05076109141126
2011-10-30,10,8,80.0,53.47611818455903
2012-01-03,1,21,67.99999999999999,77.29074867140075
2012-07-26,7,3,7.999999999999972,13.57849236730874
2012-08-15,8,5,39.0,43.25600371866375
2011-08-15,8,14,151.0,185.18427107530118
2011-06-03,6,7,277.0,268.00649622126576
2012-11-13,11,14,203.0,260.9292262413619
2011-11-22,11,1,6.0,16.917456427439532
2011-05-19,5,22,78.99999999999999,101.96719260380503
2012-10-02,10,9,86.0,244.69114386313035
2011-08-23,8,1,19.0,22.06336165793104
2011-10-02,10,15,173.0,132.83577233528655
2012-09-16,9,22,127.0,144.40136930613602
2011-08-28,8,22,98.0,122.4696671156225
2012-04-19,4,6,120.0,142.20224079311987
2012-07-14,7,8,151.0,183.06383169249594
2012-03-11,3,6,10.0,24.75912058240698
2011-04-23,4,6,11.0,10.51042257424001
2012-11-28,11,18,542.0,484.57396714692163
2012-06-26,6,16,416.0,440.15622460268395
2011-10-20,10,22,128.0,142.54660154560622
2012-09-30,9,23,57.0,85.12214537929987
2012-03-27,3,22,134.0,137.16291793637993
2011-07-17,7,3,47.0,51.61606262113233
2012-08-02,8,3,6.0,9.79943716296583
2012-04-15,4,4,12.0,47.36423986798678
2011-01-14,1,8,158.0,209.5592404989443
2012-08-06,8,8,604.9999999999999,630.6222875290972
2012-06-27,6,13,321.0,289.60347987030707
2012-12-25,12,15,107.0,125.42289033829229
2011-07-30,7,19,256.0,381.39429686968026
2011-12-05,12,22,106.0,99.36173567953593
2012-11-03,11,17,410.0,418.83866556497446
2011-01-20,1,18,185.0,193.5908951489498
2011-06-14,6,19,386.0,372.48759061016153
2012-10-07,10,6,23.0,16.11603113766111
2011-12-18,12,23,37.0,29.84861361568889
2011-05-16,5,14,193.0,191.28895993573573
2012-03-06,3,16,250.0,252.2449563479766
2012-05-15,5,21,109.0,165.00659853565367
2011-10-02,10,10,248.0,155.42410580722822
2011-05-06,5,15,260.0,234.30413796002117
2011-07-06,7,20,312.0,309.6400589549635
2012-01-24,1,11,153.0,114.90701354531957
2012-09-10,9,12,332.0,337.8453618272632
2011-12-01,12,17,418.0,387.55331127808023
2011-11-02,11,15,187.0,173.47067888898547
2011-03-29,3,0,16.0,0.6933193376466704
2012-08-28,8,8,693.0,529.974474876953
2012-01-11,1,4,2.0,7.3132490585157655
2011-03-04,3,16,118.0,164.22908586869218
2012-01-08,1,16,314.0,295.7115430581722
2011-07-31,7,7,45.0,126.92780724847302
2011-06-07,6,7,334.0,291.4434858676468
2012-12-04,12,8,721.0,635.5321308675175
2012-03-28,3,1,7.999999999999972,30.03070300278469
2012-03-16,3,8,562.0,547.6170115424718
2012-11-10,11,13,651.0,620.5727713327593
2011-04-07,4,3,2.9999999999999716,8.701431761193305
2011-10-07,10,20,197.0,208.97657290045595
2012-12-31,12,15,315.0,115.22722990182619
2011-05-07,5,22,120.0,180.20532121759362
2011-05-01,5,9,141.0,123.29661417021337
2011-08-20,8,11,338.0,337.5270951685103
2011-12-19,12,3,2.9999999999999716,11.374542686283775
2011-05-11,5,12,226.0,205.67362256672877
2011-01-27,1,20,59.0,84.91302094191285
2011-04-06,4,3,4.0,6.466369562136123
2012-05-12,5,20,287.0,339.72533061905835
2012-01-08,1,21,91.0,76.94763834164033
2011-12-19,12,1,11.0,15.913178904947387
2011-12-18,12,4,1.0,6.865160792738379
2011-03-22,3,16,165.0,230.31532810343646
2012-12-13,12,22,148.0,136.70979733602178
2011-03-09,3,13,99.0,59.28541384651561
2011-02-23,2,6,36.0,32.18372310779782
2012-01-22,1,8,32.0,42.53449673396864
2012-05-16,5,18,846.0,749.5267292435121
2011-03-04,3,15,106.0,110.6297302273771
2011-10-27,10,0,26.0,39.30687936130076
2011-05-13,5,7,157.0,194.82003671166706
2011-11-12,11,6,7.0,11.26638406884976
2011-03-18,3,13,175.0,183.69006870892247
2012-06-24,6,16,461.0,492.3863760020147
2011-08-30,8,16,337.0,337.7061571635399
2012-08-04,8,14,472.0,529.929023880609
2012-12-11,12,11,173.0,198.35612325406888
2012-04-19,4,22,248.0,218.37654232742005
2011-07-27,7,0,45.0,35.26014138950691
2012-02-02,2,2,9.0,19.473380688859038
2012-06-17,6,5,17.0,16.932835359298508
2012-08-29,8,17,870.0,851.8767692419812
2012-07-23,7,14,271.0,281.40277392342284
2012-10-21,10,5,10.0,19.79961702481023
2012-06-18,6,13,225.0,222.6289962533376
2011-06-24,6,18,452.0,512.220587789898
2011-03-24,3,7,108.0,79.65706699594016
2012-02-12,2,3,14.0,-5.313990092210332
2012-11-23,11,11,251.0,247.79315282403604
2012-04-05,4,9,351.0,300.0668031041903
2011-03-02,3,17,268.0,272.84234837460264
2012-09-01,9,18,442.0,408.2820529868452
2012-03-19,3,22,148.0,164.54019986121466
2011-04-21,4,7,198.0,171.11719758181593
2011-10-05,10,15,182.0,191.3040826969078
2011-07-11,7,12,148.0,145.8000512800718
2012-03-05,3,16,210.0,188.23693094084402
2011-02-03,2,18,147.0,163.48515422586604
2011-03-09,3,14,71.0,62.32170796195432
2012-10-04,10,16,497.0,494.3729656579761
2012-01-22,1,14,182.0,198.7054340015418
2012-11-05,11,0,23.0,85.77638061113326
2011-02-19,2,19,59.0,73.05166229014564
2011-11-23,11,14,213.0,151.53168267093227
2012-10-10,10,7,507.0,464.9303160552255
2012-03-30,3,2,7.0,2.1387778472014247
2012-09-20,9,22,287.0,225.3684428476547
2011-03-10,3,20,38.0,45.192586973269044
2011-05-16,5,1,14.0,21.455013885374342
2012-10-15,10,16,447.0,439.37804652859757
2012-09-22,9,12,688.0,676.1278737304223
2011-12-23,12,13,194.0,126.70058773351894
2011-10-22,10,13,322.0,389.82694135753235
2011-07-09,7,4,6.0,7.517824731615093
2012-01-23,1,4,1.0,5.636754120405044
2012-02-17,2,23,82.0,75.37024679741418
2011-06-14,6,22,188.0,164.68827061575453
2012-12-22,12,10,118.0,137.3446370706996
2012-09-06,9,13,191.0,210.37564096259877
2011-02-04,2,9,127.0,152.15238169449788
2012-11-16,11,11,218.0,256.1977697970245
2012-10-13,10,5,11.0,-9.603117387437976
2012-08-29,8,13,300.0,316.8857101801416
2011-06-26,6,9,206.0,206.53208331390053
2012-05-03,5,8,627.0,406.7515013382121
2012-07-26,7,9,344.0,344.3415696222095
2011-10-23,10,14,408.0,349.256005801888
2011-08-07,8,12,370.0,316.42184715826454
2011-10-19,10,4,2.9999999999999716,-2.023850576326282
2011-06-05,6,12,335.0,323.0218222259672
2012-04-05,4,4,1.0,-3.4147948461912563
2011-06-05,6,10,251.0,230.47564871240013
2012-12-31,12,4,2.9999999999999716,-34.21507889200831
2011-10-09,10,3,30.0,36.20066473270285
2012-04-01,4,10,360.0,291.53974382824816
2012-01-29,1,14,280.0,238.9224679662715
2011-01-09,1,9,19.0,33.96605432858635
2012-01-18,1,23,38.0,40.723605260481776
2012-04-30,4,12,225.0,223.02665971934547
2011-05-30,5,14,327.0,313.3114005831677
2012-10-05,10,22,264.0,230.10743821201845
2012-12-23,12,8,48.0,-29.515814116889885
2011-09-13,9,22,144.0,170.05403981872007
2012-02-24,2,8,469.0,468.52552858664876
2012-04-17,4,23,82.0,113.65488420359064
2011-04-01,4,20,77.0,102.84263066820434
2011-12-21,12,15,61.0,91.81541876370879
2012-06-17,6,15,463.0,492.5816694187272
2012-05-13,5,2,82.0,80.76257088883474
2012-01-02,1,11,175.0,106.18038912218664
2011-11-03,11,8,402.0,424.4620775533766
2012-03-08,3,13,233.0,235.72518444644572
2012-06-23,6,1,123.0,94.31657421323442
2011-12-29,12,7,106.0,99.93197283666724
2012-03-16,3,2,4.0,44.05992187893125
2012-03-27,3,23,64.00000000000001,77.85039699972147
2012-01-19,1,13,124.0,100.91032842088181
2012-05-30,5,7,483.0,314.36117896185453
2011-10-09,10,15,407.0,445.1665627444808
2012-02-21,2,7,279.0,215.38420959548367
2011-11-30,11,10,110.0,101.41227669276013
2011-10-31,10,6,86.0,51.6430398682262
2011-11-12,11,5,4.0,16.77703287306926
2012-06-20,6,18,671.9999999999999,593.2005474847797
2012-06-20,6,22,257.0,222.84422080601516
2012-07-01,7,3,33.0,47.48172414351035
2011-01-08,1,13,102.0,96.04091055316773
2011-05-16,5,5,21.0,14.814473167889304
2011-12-14,12,18,390.0,357.41516866878214
2012-12-09,12,9,103.0,220.0741964510376
2012-10-23,10,16,541.0,511.3095699417596
2011-12-10,12,10,192.0,190.03145564784117
2011-01-10,1,5,2.9999999999999716,1.0426537420210593
2011-03-30,3,13,98.0,116.44150552992414
2011-08-03,8,15,118.0,135.1497351962825
2011-01-19,1,17,197.0,181.18759465779632
2012-10-21,10,20,195.0,290.79435465952366
2011-04-22,4,6,49.0,42.114291415898435
2012-12-23,12,5,6.0,-18.616147119290503
2011-01-17,1,10,57.0,69.39337180352413
2011-05-28,5,10,276.0,291.71875126530824
2011-04-08,4,3,1.0,8.284888878452676
2011-02-22,2,16,86.0,90.36899183031782
2012-01-14,1,8,92.0,81.36742129118252
2011-03-31,3,12,90.00000000000001,43.35862711569831
2012-03-14,3,15,283.0,296.29193892240335
2012-12-03,12,18,691.9999999999999,620.0736470808447
2012-07-21,7,18,177.0,335.13477595490974
2011-05-23,5,4,4.0,-11.007298411018894
2012-04-24,4,2,2.9999999999999716,26.34126765232142
2011-04-03,4,13,367.0,324.503167564805
2012-02-28,2,16,287.0,266.75421972410373
2011-01-26,1,6,7.999999999999972,6.1271439110326185
2011-10-18,10,14,169.0,188.19553046867253
2011-03-07,3,3,1.0,-0.526713283810011
2012-07-28,7,16,487.0,484.2732379795332
2011-01-31,1,0,7.0,9.882896860533009
2012-08-16,8,8,681.9999999999999,601.7310935837554
2012-12-14,12,21,172.0,172.81416822360964
2012-09-07,9,10,224.0,245.04909546822262
2012-09-25,9,7,556.0,461.82821106660356
2011-12-31,12,16,195.0,217.78575396115883
2012-01-25,1,5,33.0,27.514360078546872
2012-10-15,10,8,737.0,644.9319083333293
2012-10-12,10,3,6.0,6.658076711025217
2012-04-29,4,20,243.0,326.7117711070507
2011-10-04,10,15,194.0,205.9503600016701
2012-07-31,7,1,21.0,27.335754889022837
2011-12-31,12,3,18.0,11.4406805227689
2012-12-04,12,23,96.0,93.4019422425059
2011-10-26,10,21,157.0,159.98129668319956
2012-02-22,2,8,576.0,517.0637754416298
2012-10-21,10,10,443.0,362.0827587677247
2012-06-25,6,5,43.0,43.68893159023463
2012-04-02,4,8,589.0,619.5371083547949
2011-05-24,5,20,280.0,257.0825128302839
2012-03-28,3,6,115.0,120.29162251157939
2011-02-13,2,2,20.0,18.07622481905389
2011-10-21,10,21,143.0,158.3328839155038
2012-08-13,8,13,254.0,291.453751347719
2012-01-03,1,9,153.0,211.71305186789868
2011-08-07,8,19,228.0,248.91803576254944
2011-02-14,2,11,53.0,76.05102401873461
2011-01-17,1,9,47.0,83.35911279998489
2012-05-23,5,8,719.0,680.7370168999655
2011-08-27,8,5,12.0,7.388725166155467
2012-03-29,3,7,367.0,371.2920742251175
2011-03-07,3,4,1.0,2.0914220485640556
2011-07-24,7,7,35.0,98.96507043456404
2011-06-21,6,1,14.0,21.29166136404558
2011-11-18,11,9,213.0,179.0053456867067
2011-07-08,7,21,204.0,175.8976279077673
2012-07-26,7,15,238.0,267.5848361761858
2012-06-21,6,18,640.0,682.1167995910432
2011-05-10,5,18,550.0,492.1894521283857
2011-10-19,10,15,120.0,38.812224229616305
2012-12-15,12,20,201.0,216.50702003635809
2012-02-27,2,0,29.0,18.95434976280302
2012-04-28,4,19,139.0,113.08527875273413
2011-06-17,6,14,215.0,216.54459086854328
2011-03-27,3,8,14.0,27.70277633057964
2011-06-04,6,17,344.0,412.4055118485722
2012-10-10,10,9,366.0,350.5315485948754
2012-10-22,10,19,514.0,507.646006605563
2011-03-31,3,11,58.0,38.055234719507496
2012-12-07,12,0,48.0,49.30727378574662
2012-05-14,5,10,59.0,65.33158001999044
2012-11-17,11,18,271.0,331.17378143344735
2012-05-25,5,1,42.0,26.39182426165084
2011-03-04,3,9,150.0,159.75141246547275
2011-10-11,10,17,604.0,462.60304273379086
2012-04-17,4,18,775.0,780.83456731423
2011-10-24,10,4,6.0,4.504559238925452
2012-07-30,7,0,58.0,67.9713760500541
2011-04-19,4,17,411.0,537.1619981139005
2012-04-22,4,19,35.0,22.18576898612895
2012-08-08,8,15,278.0,280.9636535278734
2011-06-13,6,15,185.0,194.53847189465608
2012-08-18,8,21,338.0,309.08774492835244
2011-11-27,11,12,256.0,365.9786869383628
2012-09-02,9,19,292.0,270.88500879803587
2011-08-20,8,9,190.0,229.78449061945702
2011-03-06,3,23,9.0,8.549499383800537
2011-10-04,10,4,7.0,10.03762130753907
2011-08-02,8,0,29.0,43.33079516762453
2012-11-19,11,2,5.000000000000028,9.76370373617192
2011-08-24,8,14,204.0,186.1829484847636
2011-02-03,2,9,133.0,123.06899291603523
2012-01-10,1,22,114.0,96.72951714142509
2012-05-28,5,1,59.0,17.313040075703697
2012-03-14,3,2,2.0,36.401207871178855
2012-09-17,9,7,492.0,484.9060119852155
2011-11-21,11,3,4.0,5.54007631292157
2012-11-11,11,8,119.0,119.64567422761728
2011-12-04,12,1,74.00000000000001,62.944801803602275
2011-01-25,1,14,67.99999999999999,88.54455984038391
2011-05-19,5,21,209.0,194.32282838380982
2012-11-24,11,19,83.0,190.16433088523885
2011-08-14,8,13,377.0,361.28396260537073
2012-05-19,5,14,730.0,655.5546716265045
2011-07-14,7,1,25.0,23.759194541490984
2012-08-31,8,16,528.0,465.7911791676876
2012-12-10,12,16,345.0,364.7598210530408
2011-02-02,2,3,1.0,7.490018921244484
2011-04-25,4,21,190.0,162.937328269552
2012-05-30,5,16,398.0,432.73293294749567
2012-02-16,2,22,111.0,112.09033900076932
2012-02-07,2,22,118.0,113.44919891320829
2011-10-03,10,21,138.0,112.12914842259171
2011-06-03,6,17,557.9999999999999,538.3948434676558
2012-04-15,4,3,45.0,34.27142151523486
2012-08-29,8,5,40.0,29.141313435942465
2011-06-30,6,9,260.0,211.31591600569496
2012-07-16,7,13,239.0,248.52949969069397
2011-04-22,4,0,33.0,28.03046733262022
2012-04-18,4,22,162.0,155.94821003079664
2011-05-12,5,19,364.0,361.6345363227639
2011-03-24,3,4,1.0,-2.0895473804364144
2011-04-13,4,5,5.000000000000028,4.463606017025455
2011-01-18,1,18,133.0,157.88736736314786
2012-03-26,3,16,305.0,343.9416308183273
2011-10-27,10,12,53.0,60.003589779683466
2012-11-16,11,12,290.0,329.87487112453346
2011-01-20,1,21,57.0,60.27522323360793
2011-09-02,9,23,98.0,140.248442007299
2011-03-10,3,2,1.0,-10.09321565014804
2012-07-15,7,1,168.0,103.13868310046881
2012-05-16,5,7,440.0,494.29200168005946
2012-04-28,4,3,26.0,18.05418542222091
2012-03-19,3,4,2.9999999999999716,18.171625548085416
2011-07-16,7,0,110.0,130.89066237074934
2011-07-05,7,0,55.0,45.36476395494691
2012-08-09,8,10,205.0,199.7447756912685
2011-06-17,6,21,208.0,201.55861494790685
2011-01-23,1,18,49.0,58.21781940076457
2012-01-02,1,15,168.0,163.0541649794633
2012-08-12,8,1,113.0,122.89465763678838
2012-04-14,4,17,560.0,610.838794322331
2011-11-30,11,14,112.0,158.61449993237434
2012-06-04,6,4,7.999999999999972,-0.8958786319671788
2011-10-27,10,4,4.0,-3.828339118327108
2011-10-27,10,17,322.0,432.6734679938115
2011-10-05,10,12,214.0,210.10625103940484
2012-01-19,1,21,121.0,109.55281017470111
2012-01-26,1,17,413.0,450.3325284915537
2012-10-18,10,23,117.0,131.68937883963855
2011-08-09,8,20,292.0,301.8756048709237
2011-02-20,2,23,54.0,23.7361873859673
2011-06-13,6,6,105.0,103.44373717828458
2012-06-15,6,4,14.0,11.541405821144508
2012-01-08,1,15,330.0,286.8348080102637
2011-04-11,4,4,1.0,2.514436888252277
2011-11-05,11,1,62.0,114.74720537000695
2012-08-13,8,12,276.0,301.5957195784896
2011-09-01,9,14,198.0,167.24574212238366
2012-06-11,6,13,248.0,277.4400801571143
2012-08-02,8,19,607.0,552.6355574634636
2012-12-12,12,7,369.0,368.9740794936451
2012-06-01,6,1,34.0,46.63456748998843
2012-06-22,6,6,122.0,167.96786951061432
2012-12-27,12,14,119.0,90.1830517836444
2011-10-11,10,19,318.0,261.31756977315143
2012-08-30,8,5,35.0,28.939332972233046
2012-03-06,3,13,164.0,163.30390740556044
2011-01-11,1,0,12.0,5.468003645805993
2012-02-27,2,15,174.0,218.84992058458104
2011-08-20,8,2,69.00000000000001,75.04229541564189
2011-04-02,4,4,5.000000000000028,3.00966204379219
2011-07-19,7,18,530.0,535.128111753063
2012-06-28,6,10,184.0,227.18233123401626
2011-08-13,8,10,260.0,248.45073236802062
2011-09-30,9,0,60.0,57.93868053451121
2012-03-30,3,8,593.0,684.369132699877
2012-03-17,3,3,26.0,34.74442827207233
2011-01-30,1,11,59.0,117.93364620986327
2012-02-12,2,4,1.0,-30.427036151621877
2012-08-05,8,21,208.0,212.09519374023537
2011-05-20,5,11,196.0,194.9072778373016
2011-10-03,10,11,126.0,149.92334466328842
2011-03-23,3,17,273.0,290.72008844724115
2011-02-11,2,9,140.0,133.7877883172249
2012-09-06,9,8,646.0,539.4372637390595
2011-09-01,9,3,14.0,1.9370035136896888
2011-08-18,8,13,187.0,187.61782593616488
2011-07-15,7,20,343.0,286.82618899429036
2012-04-12,4,10,141.0,194.74244547957528
2011-01-03,1,20,52.0,76.81423291407674
2012-12-14,12,20,221.0,219.97988602157585
2011-10-24,10,16,310.0,280.4945879824739
2012-04-27,4,19,441.0,437.4373250780553
2011-06-15,6,4,4.0,-1.829737242524061
2012-02-03,2,20,163.0,161.56921254473207
2011-04-17,4,22,70.0,108.94433761341544
2012-12-16,12,2,87.0,74.6743496452361
2012-10-31,10,10,168.0,193.00468237529896
2011-10-16,10,3,42.0,54.41994246203157
2012-06-14,6,4,6.0,-3.5868248098946935
2012-06-04,6,11,239.0,251.1175337273993
2011-09-29,9,21,225.0,203.4881400290751
2012-07-21,7,9,207.0,291.62469013879166
2012-06-15,6,6,151.0,151.2705912436371
2011-07-07,7,7,292.0,290.95793206187705
2012-11-09,11,12,262.0,340.1473271241573
2012-06-23,6,3,42.0,21.264236060950054
2011-09-11,9,15,404.0,403.2554557134515
2011-04-07,4,1,13.0,2.6391797008276967
2011-01-25,1,7,108.0,99.81105580806971
2011-08-08,8,5,15.0,15.887695739923231
2012-07-14,7,4,9.0,40.605060013412924
2012-07-30,7,7,469.0,412.5369173792558
2012-11-27,11,9,268.0,284.585704454009
2011-09-26,9,20,251.0,234.7883670303033
2011-12-13,12,15,151.0,185.18580391611636
2011-07-19,7,6,134.0,105.4143832871278
2012-07-05,7,22,225.0,245.05262524510687
2011-05-29,5,14,351.0,350.984167283034
2012-10-19,10,19,232.0,385.7862799871109
2011-01-29,1,12,78.0,116.39812314748683
2011-04-02,4,20,85.00000000000001,95.15837219875253
2011-11-18,11,13,177.0,182.03934343141515
2011-07-11,7,18,472.0,416.06515005306454
2011-11-08,11,13,196.0,189.31567054233093
2011-07-12,7,18,511.0,439.3131137301094
2012-01-18,1,16,176.0,166.54092939419792
2012-08-22,8,10,225.0,244.62202925574474
2011-03-21,3,13,112.0,128.46566889163503
2012-08-26,8,3,53.0,43.62901591371826
2011-01-20,1,0,13.0,18.608782910643384
2012-11-02,11,0,50.0,106.64231534420297
2012-04-04,4,9,363.0,291.73281777584356
2012-03-13,3,2,1.0,2.275740831014474
2012-03-18,3,17,541.0,554.7269152578092
2012-09-16,9,15,557.0,636.1187327003001
2012-11-11,11,21,171.0,163.4016484059792
2011-10-31,10,7,227.0,213.84932980600908
2011-01-30,1,0,33.0,24.78148771193554
2012-12-30,12,17,123.0,91.56407791610874
2011-10-23,10,19,193.0,200.8871476672173
2011-09-13,9,18,539.0,569.9322417211965
2011-06-27,6,14,158.0,189.14585081090996
2011-04-23,4,7,19.0,-21.776445856322084
2012-05-10,5,22,232.0,202.63053732995232
2011-07-31,7,22,96.0,124.40382971590272
2011-04-04,4,23,48.0,48.176829225663
2011-09-09,9,6,57.0,92.49516124014774
2011-06-14,6,7,365.0,308.6966731315136
2011-06-06,6,7,299.0,255.93921354905012
2011-01-10,1,21,38.0,43.12070550181764
2012-10-27,10,22,157.0,202.40172478447823
2012-02-24,2,2,5.000000000000028,2.7503256297030134
2012-06-15,6,12,403.0,362.9677535872699
2011-09-12,9,0,16.0,41.147633033472886
2011-12-27,12,2,4.0,-7.346512976283293
2011-11-21,11,13,134.0,134.6529120668298
2012-01-04,1,18,289.0,262.46324105341216
2012-12-29,12,9,49.0,120.0116831074385
2012-07-23,7,1,27.0,22.372939471607424
2011-08-25,8,19,272.0,284.90904005753134
2011-06-23,6,9,227.0,215.42088231147412
2011-03-09,3,7,141.0,122.67111265135907
2011-06-26,6,15,403.0,403.1108369152894
2012-05-28,5,10,364.0,188.12290367947253
2011-10-26,10,9,240.0,223.07028320494035
2011-06-09,6,13,136.0,134.37142326508686
2011-04-01,4,9,173.0,167.6204530034744
2011-05-05,5,9,184.0,177.51419885284264
2012-09-19,9,13,289.0,304.3717584625964
2011-06-01,6,23,69.00000000000001,121.26864747327593
2012-10-04,10,0,76.0,35.54156751884423
2012-11-12,11,20,304.0,269.2681550635763
2012-05-27,5,14,547.0,447.1575743801137
2011-01-23,1,6,1.0,-7.412156469438344
2011-12-15,12,13,164.0,162.92984350820402
2012-08-24,8,21,306.0,309.7894728211228
2011-09-09,9,5,14.0,24.50199828533175
2011-12-07,12,14,25.0,39.1893376982633
2012-06-02,6,10,493.0,437.11266519099854
2011-07-07,7,10,101.0,124.60073635201253
2011-12-06,12,3,2.9999999999999716,4.883017299003143
2011-09-12,9,19,436.0,387.73623585613285
2011-12-09,12,23,93.99999999999999,81.74778197029298
2012-04-30,4,9,268.0,258.1887795103323
2012-09-09,9,1,124.0,113.8537330932118
2012-11-24,11,22,76.0,79.12928874088625
2012-10-08,10,16,377.0,423.26246813141483
2011-01-13,1,1,2.0,0.7996998232326007
2012-01-21,1,14,95.00000000000001,127.9968088399694
2012-05-12,5,21,230.0,265.0786193584655
2011-04-06,4,5,13.0,4.705303563886389
2012-09-08,9,18,167.0,356.8057251485832
2011-02-18,2,10,95.00000000000001,89.66416371101158
2012-12-30,12,7,13.0,-7.7155900553978825
2011-03-16,3,19,168.0,147.28896151653896
2012-11-24,11,6,10.0,4.216191296326542
2012-04-24,4,6,120.0,100.45981649170754
2011-10-09,10,9,185.0,173.93473765128212
2012-12-13,12,13,271.0,243.7831260672478
2012-08-25,8,22,182.0,182.42111079450243
2012-07-05,7,2,18.0,29.920871534800455
2011-12-30,12,10,118.0,44.85043345842095
2012-10-14,10,19,336.0,381.89161982250425
2011-03-20,3,14,279.0,228.68177141458534
2012-03-29,3,9,321.0,302.0538065761691
2011-10-24,10,11,168.0,181.17306863421987
2011-08-12,8,10,130.0,154.23278507393672
2012-03-12,3,23,62.999999999999986,80.77554259514011
2011-09-27,9,22,121.0,131.58662515414764
2012-05-06,5,9,191.0,261.7937502734772
2011-01-04,1,20,54.0,75.38633110718298
2011-07-27,7,22,180.0,181.4846775376059
2012-02-11,2,6,9.0,22.567551438004756
2012-06-25,6,18,791.0,833.2434120605667
2012-12-02,12,16,443.0,373.30626835839746
2012-05-23,5,10,191.0,185.2407742485042
2011-09-04,9,2,60.0,81.68773434568187
2012-07-23,7,3,2.0,22.42686792596436
2011-12-25,12,16,86.0,167.96910232628937
2011-04-03,4,9,142.0,118.93202492948986
2011-03-18,3,11,159.0,110.72150242977776
2012-12-27,12,11,103.0,112.71046926383654
2011-01-22,1,8,27.0,16.347718753896714
2012-11-14,11,2,1.0,11.303360773135068
2011-08-22,8,9,187.0,194.441198672835
2012-02-15,2,7,321.0,286.70649686433137
2012-12-19,12,8,678.0,451.2461833715845
2012-12-27,12,21,62.999999999999986,87.82884919152971
2012-06-04,6,13,274.0,308.9320858902213
2012-05-15,5,12,264.0,271.40961239613756
2011-05-25,5,20,340.0,288.928590783995
2012-07-19,7,12,274.0,272.0490493195106
2012-02-02,2,3,2.0,5.7525686676435726
2012-04-23,4,11,101.0,123.05826225279249
2011-08-22,8,1,21.0,14.306141720187924
2011-01-16,1,21,28.0,20.19527706432308
2012-10-02,10,20,306.0,234.57719994041932
2012-04-15,4,20,291.0,317.319330136546
2012-10-19,10,12,332.0,396.24110105218676
2012-02-14,2,9,262.0,235.9375025095573
2012-08-14,8,20,436.0,412.6254127750284
2011-06-11,6,23,131.0,143.92763911913258
2011-11-03,11,19,252.0,242.4142332185154
2012-09-03,9,1,55.0,-1.673776011958978
2012-12-26,12,18,43.0,125.29597013360956
2012-07-27,7,23,189.0,186.0106203581192
2012-08-18,8,22,261.0,272.3198663446271
2011-07-13,7,9,186.0,188.41608023412877
2012-09-28,9,19,508.0,487.64722972206994
2012-08-01,8,1,33.0,26.463626643510935
2012-11-25,11,0,34.0,41.83579457782287
2012-08-16,8,17,897.0,824.8667940354435
2011-01-15,1,18,83.99999999999999,72.0328716932566
2012-08-09,8,12,277.0,293.322772664612
2011-07-19,7,12,153.0,156.70445271249986
2012-02-29,2,10,10.0,64.35655458023358
2012-11-03,11,12,394.0,347.6109702956552
2011-03-10,3,14,12.0,1.0150757932839554
2011-03-20,3,16,224.0,216.41778922517733
2011-09-20,9,18,492.0,471.7539943857864
2011-04-15,4,0,27.0,44.47538414716857
2011-05-18,5,20,213.0,175.82951578985498
2012-01-31,1,16,307.0,264.67836060156753
2012-10-17,10,21,329.0,225.35838765390258
2011-08-14,8,12,281.0,287.8374279825787
2012-09-12,9,16,509.0,501.7736747651029
2012-02-10,2,7,230.0,207.54026551266912
2011-05-29,5,23,135.0,111.17514758282734
2012-12-14,12,16,417.0,398.27407064598674
2012-11-08,11,10,161.0,172.28478218644787
2012-09-04,9,9,323.0,301.5557277556361
2011-05-02,5,8,371.0,391.53050575102134
2012-02-20,2,16,280.0,211.33885835382773
2012-12-15,12,12,453.0,463.67397832276845
2011-03-14,3,16,107.0,130.09855849924986
2011-09-11,9,19,333.0,284.1966324086951
2011-12-07,12,22,13.0,10.056537697254498
2012-11-02,11,15,306.0,278.6142875176521
2011-01-22,1,18,54.0,73.66023970037321
2012-11-02,11,1,24.0,33.1044265653656
2012-12-13,12,21,213.0,189.98452844083224
2012-07-17,7,2,7.0,26.080213872581567
2012-07-13,7,10,268.0,279.539730988035
2012-03-06,3,5,25.0,20.580771198814517
2012-02-16,2,12,45.0,99.87934159847158
2012-04-21,4,22,110.0,168.2049256071584
2012-08-19,8,17,343.0,471.47344448678564
2012-06-07,6,18,813.0,825.1481721304864
2011-07-07,7,5,32.0,21.20192550729982
2012-06-26,6,2,9.0,32.414581867275245
2011-01-18,1,22,33.0,35.39123358170164
2011-11-20,11,14,363.0,299.74672987471035
2012-01-09,1,7,240.0,203.02958765920621
2012-09-30,9,22,91.0,132.19845602766094
2012-10-25,10,17,886.0,782.3889268273833
2012-11-20,11,12,313.0,245.15372851306796
2012-07-22,7,20,378.0,310.4401988428424
2011-03-28,3,13,83.0,104.89274762343217
2011-12-16,12,3,5.000000000000028,4.705452564574813
2011-03-08,3,11,78.0,95.40140932741926
2012-05-03,5,12,301.0,275.18708334136096
2011-08-21,8,14,235.0,194.42363662265996
2012-01-07,1,17,322.0,463.6735492678855
2011-03-30,3,2,4.0,-3.0256734675717496
2012-12-09,12,0,118.0,104.64458170231165
2011-04-10,4,1,37.0,43.2163826395834
2012-09-18,9,5,48.0,39.83148818804764
2011-07-25,7,4,6.0,1.6396066425754157
2011-06-22,6,1,21.0,27.367291503988838
2012-09-23,9,21,196.0,170.47051327892183
2011-11-18,11,21,111.0,100.13835087958674
2012-04-24,4,9,308.0,284.83643569518154
2012-05-23,5,2,12.0,15.492325821583961
2011-11-24,11,9,81.0,86.46942936213657
2011-11-22,11,21,90.00000000000001,92.40212630816156
2011-06-18,6,9,218.0,223.68802176027336
2011-08-21,8,1,86.0,71.79624815170689
2011-07-22,7,17,306.0,403.86443624595756
2011-04-19,4,11,72.0,117.83268327040564
2012-04-09,4,8,617.0,611.6066519778472
2011-05-29,5,16,361.0,359.3374924984098
2012-11-19,11,12,242.0,259.95715613483264
2012-07-04,7,14,547.0,380.66790995232157
2011-11-09,11,1,10.0,15.263583138182469
2011-10-25,10,21,201.0,155.7400346498829
2011-06-05,6,15,417.0,405.1676152624753
2012-03-26,3,20,221.0,244.9687819691189
2011-03-01,3,16,102.0,116.88937645966318
2012-12-09,12,10,219.0,237.47172337948058
2011-02-02,2,2,4.0,5.473754472065565
2012-11-05,11,1,7.999999999999972,50.616348097890494
2012-07-26,7,19,614.0,510.91186430252185
2012-11-03,11,13,449.0,382.5733153477006
2011-09-22,9,22,187.0,118.32579172016331
2011-10-30,10,22,71.0,54.601354477896365
2011-04-28,4,10,54.0,107.0556296678739
2011-09-13,9,6,122.0,114.16006361802506
2012-08-20,8,19,299.0,418.9462352657524
2011-02-26,2,6,7.0,8.068378081710591
2012-10-10,10,22,197.0,179.0490208581631
2012-05-06,5,6,17.0,-6.460951936756544
2012-12-01,12,7,62.999999999999986,74.37205429330274
2011-11-17,11,16,195.0,198.22980823745291
2011-05-21,5,0,98.0,95.55747731283253
2011-07-19,7,3,2.9999999999999716,20.36059724742998
2011-01-10,1,8,188.0,162.04799287683915
2011-12-14,12,1,7.999999999999972,19.882324750337148
2012-08-15,8,18,848.0,833.5336512671053
2012-08-25,8,23,158.0,138.73730140758678
2011-10-11,10,11,123.0,180.87530846838234
2012-04-19,4,7,406.0,377.1242738284575
2011-12-30,12,9,194.0,151.70565836734966
2012-03-24,3,0,156.0,144.91603340212868
2011-10-25,10,2,5.000000000000028,14.077371467565655
2012-12-04,12,16,435.0,439.528985796249
2011-09-21,9,7,330.0,278.4316167804794
2011-06-21,6,19,425.0,347.70481789259725
2012-09-09,9,14,647.0,658.4226984768485
2012-10-18,10,17,890.0,882.0554564657913
2012-03-04,3,21,78.99999999999999,89.57299498489157
2011-10-29,10,8,20.0,15.663098253377626
2011-02-15,2,1,5.000000000000028,9.575012581443616
2012-12-02,12,8,93.0,92.91064008376418
2012-03-29,3,0,48.0,64.72578204612073
2011-10-23,10,9,143.0,135.56088080006947
2012-09-21,9,4,10.0,13.94323422557298
2011-12-30,12,12,197.0,105.69508379559687
2011-10-25,10,14,200.0,180.94580373997027
2011-04-13,4,11,61.0,102.63620926400414
2012-06-05,6,15,272.0,274.8265626182424
2011-07-02,7,19,305.0,353.0487057257551
2012-02-26,2,22,71.0,72.7290159286681
2012-03-22,3,11,219.0,158.11220236303572
2011-04-03,4,7,33.0,30.584407782959516
2011-03-06,3,20,11.0,13.095273741644831
2012-02-21,2,17,432.0,417.63987505804477
2012-08-18,8,9,292.0,354.7246898702774
2011-06-11,6,10,264.0,297.0102604632162
2012-01-16,1,8,78.0,208.60541219429936
2011-01-26,1,10,28.0,28.99953319273928
2011-03-25,3,20,81.0,117.13919446254653
2012-05-09,5,16,357.0,403.1341705330865
2011-09-22,9,11,165.0,124.10681625234778
2012-08-15,8,9,367.0,325.57764522705395
2011-06-20,6,5,2.9999999999999716,33.66020525864684
2012-03-12,3,0,24.0,28.371744559733486
2012-01-04,1,13,91.0,83.83579940515271
2011-02-17,2,7,126.0,124.54800876120663
2011-02-08,2,22,29.0,37.6405628879306
2012-03-22,3,3,7.0,14.655749652661626
2011-11-12,11,23,101.0,113.81235919706626
2011-08-10,8,21,209.0,219.92740353244716
2011-10-19,10,20,145.0,121.04199058057584
2011-03-31,3,9,132.0,97.22257661423677
2012-08-22,8,17,783.0,817.379693335848
2012-05-09,5,11,201.0,238.4468217931087
2011-07-20,7,5,23.0,26.94635752814881
2012-12-10,12,3,4.0,2.3408195847199806
2011-12-30,12,5,10.0,5.374897994858628
2012-02-25,2,0,61.0,79.50141288594217
2012-07-16,7,0,43.0,50.13053712386892
2012-04-02,4,0,17.0,34.24023172927369
2011-04-10,4,15,297.0,295.5876470480436
2012-02-25,2,7,23.0,89.50883468808685
2011-04-08,4,18,62.0,70.81084915647943
2011-03-31,3,0,2.9999999999999716,10.82379745451368
2011-03-30,3,12,80.0,105.84582655989989
2012-07-11,7,15,276.0,277.9789123452548
2011-01-29,1,1,20.0,27.59094905952159
2011-09-28,9,20,102.0,152.25215431666405
2012-10-02,10,18,687.0,371.5605636095429
2012-08-09,8,23,156.0,173.1350255698868
2012-04-07,4,17,567.0,593.9561879693161
2012-12-21,12,22,62.999999999999986,87.93398267217644
2011-02-18,2,4,1.0,-4.136890816258358
2011-06-27,6,12,170.0,190.70589447901068
2011-11-01,11,19,313.0,254.06012067642774
2012-12-10,12,9,284.0,334.8839130060533
2012-03-08,3,1,21.0,18.217344424156806
2011-11-14,11,21,213.0,136.1566146273907
2011-07-11,7,3,10.0,10.530201370399084
2011-12-03,12,15,337.0,348.51802007518063
2011-10-31,10,22,85.00000000000001,82.39530803414698
2011-08-27,8,7,28.0,29.855690450788614
2012-10-20,10,8,193.0,239.4749808629632
2012-11-04,11,10,360.0,253.33661710785836
2012-08-10,8,23,192.0,184.31136464142477
2011-12-26,12,19,65.0,84.25854176688414
2012-07-27,7,18,622.0,671.1299180223449
2011-10-05,10,8,467.0,411.89393263426456
2011-11-01,11,11,117.0,164.2247324359507
2012-11-22,11,1,42.0,-20.981684238458143
2011-06-10,6,4,4.0,4.268579346949338
2012-11-03,11,19,239.0,301.85725719668807
2012-11-14,11,13,214.0,223.69359452068633
2012-09-26,9,4,14.0,27.305089155858383
2012-07-10,7,6,187.0,179.5518240316397
2012-10-03,10,14,251.0,304.6046963978167
2012-10-04,10,10,177.0,172.48783919095334
2011-04-09,4,21,75.0,67.15160918401082
2012-08-16,8,6,165.0,165.93709974997023
2011-06-16,6,23,16.0,61.142139362347365
2011-08-08,8,11,179.0,129.7330235271769
2012-08-18,8,8,189.0,223.08956393496717
2011-11-19,11,16,287.0,342.07792056269335
2012-01-19,1,19,234.0,203.11540671414886
2011-11-15,11,18,441.0,364.47427080593206
2012-07-21,7,20,214.0,196.87376699953148
2011-01-24,1,14,45.0,49.727474165053934
2011-03-24,3,16,83.99999999999999,114.94473707922364
2011-01-24,1,23,24.0,18.039460703862574
2012-03-05,3,19,226.0,210.73833657493856
2011-03-14,3,15,101.0,102.47315161463032
2012-12-03,12,1,13.0,31.386632023241674
2012-04-16,4,10,224.0,208.43321876487656
2011-11-28,11,20,218.0,206.4811512469106
2012-08-06,8,13,289.0,271.74844677335216
2012-04-08,4,19,276.0,375.2313569349683
2012-03-07,3,12,215.0,213.16573059981695
2012-04-25,4,21,239.0,263.58323831971995
2011-11-04,11,2,10.0,3.567951235933151
2011-08-10,8,23,108.0,125.95491315900162
2011-12-13,12,23,59.0,58.668369020866436
2011-04-26,4,1,21.0,24.383402345950287
2011-02-03,2,0,12.0,20.187958413213153
2012-12-01,12,10,256.0,238.40115663746292
2011-12-14,12,9,239.0,241.741051625672
2012-07-27,7,21,260.0,322.56506387794224
2011-02-14,2,0,11.0,-3.684424807991718
2012-07-01,7,1,93.0,103.52069175978261
2012-05-16,5,19,590.0,538.7639894887486
2011-06-05,6,8,98.0,78.14986956980934
2011-03-27,3,3,14.0,18.1848361400572
2012-02-29,2,16,167.0,114.53144434645381
2012-04-10,4,20,282.0,292.103043126683
2011-03-21,3,12,81.0,139.62632662762962
2012-10-31,10,22,165.0,180.2995279240962
2011-09-08,9,18,67.99999999999999,220.92457035217976
2011-07-30,7,8,114.0,148.77255432006305
2011-02-11,2,6,24.0,34.41449401188797
2012-04-10,4,17,744.0,682.7016112298937
2012-12-17,12,4,5.000000000000028,7.387918966220667
2011-11-04,11,4,7.0,-6.904897744261518
