datetime,mnth,hr,cnt,prediction
2012-03-14,3,20,330.0,320.46948411063534
2011-05-08,5,17,350.9999999999999,307.82512158277245
2011-01-30,1,7,3.0,6.460823396111797
2011-07-12,7,16,201.99999999999997,278.7877744905699
2012-12-25,12,11,86.0,64.56491605679656
2011-09-07,9,0,12.999999999999996,18.364346027417444
2012-09-01,9,8,162.0,169.43873344013335
2012-12-30,12,19,102.00000000000001,55.8976566081378
2011-10-20,10,15,160.00000000000003,184.6980194770241
2011-05-10,5,23,81.00000000000001,63.3798805474305
2011-04-02,4,0,32.0,42.77064179129409
2012-06-05,6,9,335.0,345.2128734897964
2011-05-06,5,16,344.00000000000017,373.27465747263597
2011-11-04,11,19,196.0,216.2241954205041
2011-04-26,4,21,194.99999999999991,163.11420512461825
2011-09-12,9,23,69.00000000000003,78.48395832254661
2011-07-15,7,11,210.00000000000003,178.43327018239654
2011-05-28,5,15,373.99999999999994,445.3215495609343
2012-03-14,3,10,188.00000000000003,172.474282852024
2011-06-24,6,16,327.0000000000001,413.6233255556276
2012-01-08,1,0,91.00000000000001,84.95198392836672
2012-01-13,1,20,136.00000000000003,147.35458601356518
2012-06-09,6,14,593.0000000000001,555.0004251219854
2011-01-25,1,19,145.99999999999997,110.15451418781355
2011-03-17,3,5,12.999999999999996,10.585087145097406
2011-08-16,8,22,151.99999999999997,160.03296246106072
2012-03-13,3,1,16.0,9.209937770094449
2011-01-10,1,17,178.0,148.83232599968085
2012-06-22,6,17,646.0000000000002,676.7889520410007
2011-02-20,2,1,16.0,19.749343742275197
2012-01-30,1,20,180.99999999999997,185.70180968325366
2012-04-14,4,11,564.0000000000002,576.3020141824759
2012-08-01,8,15,294.99999999999994,270.358945437959
2012-04-12,4,12,258.99999999999994,263.2636733716354
2012-03-03,3,18,303.00000000000006,358.72786821304095
2012-01-22,1,12,185.00000000000009,160.8047257280372
2011-05-15,5,3,32.0,27.029208061026974
2011-08-19,8,10,165.00000000000006,140.86981152588078
2012-01-07,1,17,321.99999999999994,261.78242519514674
2011-01-21,1,8,216.99999999999997,191.7987093181861
2011-08-24,8,20,333.99999999999994,270.0961835754853
2011-03-10,3,10,16.999999999999996,20.127270426010785
2012-04-04,4,20,372.00000000000017,386.26390355128154
2011-06-25,6,18,306.9999999999999,382.8767007313562
2012-03-05,3,4,1.0,3.0530025992844325
2012-01-14,1,17,143.99999999999997,170.72850122451547
2012-12-27,12,21,62.99999999999998,55.267160030680444
2012-02-10,2,21,121.99999999999994,128.69964686245208
2011-11-12,11,23,100.99999999999996,96.43509568352728
2011-06-07,6,5,32.0,21.880643288067418
2012-09-29,9,17,712.0,752.0085303582065
2012-06-06,6,17,724.0,855.2588062977097
2011-12-04,12,16,330.0,269.1323478576659
2011-09-13,9,20,272.0,273.9596254717799
2012-10-15,10,23,81.00000000000001,91.23416142635197
2012-08-27,8,0,32.0,42.189901714114534
2012-07-06,7,1,29.000000000000004,38.42639208130819
2011-03-12,3,4,1.0,2.2529826293427293
2012-07-27,7,6,138.99999999999994,142.4119592248937
2011-09-18,9,18,288.99999999999994,302.68711286787385
2012-09-25,9,18,822.0,960.8681606712026
2011-06-01,6,13,154.00000000000003,155.73213213868152
2011-08-27,8,1,63.99999999999998,82.22157636772322
2011-03-31,3,9,132.0,100.2013334772745
2012-05-26,5,20,254.99999999999994,330.6078149340497
2011-10-19,10,20,145.0,104.00102913137104
2012-04-21,4,13,648.9999999999999,629.212008419317
2011-04-15,4,21,102.00000000000001,101.46347302524424
2011-11-10,11,12,166.99999999999997,147.8154003294924
2011-01-18,1,21,41.00000000000001,47.29460976466675
2011-11-08,11,17,498.99999999999983,471.080358954237
2012-09-27,9,23,45.0,86.41389118497784
2011-08-13,8,23,120.00000000000003,147.41946906567364
2012-12-21,12,17,321.00000000000006,274.94769251846026
2012-10-26,10,5,50.0,32.26043477899281
2012-09-10,9,3,12.0,7.402797202019801
2011-11-10,11,8,435.9999999999999,333.988796167568
2011-05-16,5,15,165.00000000000006,181.95436565483695
2011-07-09,7,22,213.99999999999991,187.52012538103216
2012-03-17,3,19,417.0,334.573142524451
2012-07-26,7,20,446.00000000000017,424.37845500316337
2011-02-20,2,16,146.99999999999994,173.24053329891447
2011-01-23,1,18,48.99999999999999,52.45095582070641
2011-06-02,6,2,5.999999999999999,8.257145188789952
2011-10-22,10,3,20.0,20.690888964105085
2011-05-05,5,6,89.0,94.1725234968924
2012-02-02,2,16,229.00000000000006,292.88927626409884
2011-04-14,4,18,337.00000000000006,460.7108059764183
2012-09-03,9,9,229.00000000000006,225.73204200585934
2012-09-28,9,8,704.9999999999999,625.9921265726714
2012-06-03,6,7,35.0,65.29039580072187
2011-01-02,1,23,8.000000000000002,14.246559187534677
2011-09-11,9,6,20.0,11.517771344972713
2012-04-17,4,12,244.0000000000001,285.2690801246117
2011-03-04,3,1,3.9999999999999996,4.716718851125576
2012-01-08,1,14,328.0,309.2732851786469
2011-01-07,1,7,84.00000000000001,74.77585976689825
2011-11-10,11,18,273.00000000000006,256.37109705745
2012-04-04,4,6,125.99999999999999,125.75844731242854
2011-04-13,4,22,99.00000000000004,87.5970778760892
2011-07-06,7,18,563.0000000000002,554.7544874290683
2012-12-18,12,12,312.9999999999999,225.52371510795862
2011-05-19,5,9,216.00000000000003,216.20930792476028
2012-11-05,11,1,8.000000000000002,10.881386943185388
2011-07-17,7,3,47.00000000000001,33.608354010617695
2011-08-16,8,13,192.0,203.413203773574
2012-04-22,4,14,53.00000000000001,75.03593830424589
2011-06-07,6,4,5.0,4.85457101012437
2012-08-03,8,18,671.0,639.4740219444163
2012-09-17,9,18,774.0000000000002,700.7008091243238
2012-04-27,4,8,592.0000000000002,508.96598980152044
2012-12-10,12,23,84.00000000000001,97.47281007408581
2012-07-31,7,22,257.0,237.93676430382956
2011-03-07,3,18,233.00000000000006,210.79839880731075
2011-12-26,12,20,56.00000000000001,68.38898421899987
2011-02-27,2,9,58.999999999999986,48.46957821354713
2011-05-07,5,16,341.99999999999983,424.1719369288266
2012-12-14,12,23,134.00000000000003,136.39915026491462
2012-03-28,3,6,114.99999999999999,123.12981883249516
2012-06-26,6,3,9.000000000000002,6.144642719617938
2011-04-01,4,12,94.99999999999999,145.36337041596474
2011-04-06,4,6,56.00000000000001,53.776419569244744
2012-04-17,4,10,216.99999999999997,203.74074054592998
2011-12-21,12,2,3.9999999999999996,6.4498249770361085
2012-04-08,4,20,210.99999999999997,225.95976581485147
2011-11-09,11,23,65.99999999999997,66.28062630181125
2012-02-05,2,0,61.00000000000001,61.639370166428435
2012-03-30,3,0,58.999999999999986,53.416770634435146
2011-04-24,4,9,176.99999999999997,127.92194250658471
2011-01-11,1,0,12.0,5.573093921963749
2012-04-21,4,1,87.99999999999999,92.9461781606413
2011-10-30,10,22,71.0,62.77957027657814
2012-01-16,1,4,8.000000000000002,3.635148305138145
2011-09-26,9,4,5.999999999999999,7.899180665249175
2012-06-03,6,17,578.0000000000002,593.9064580592785
2012-07-04,7,22,502.0,393.7750235571856
2012-07-10,7,19,413.99999999999983,504.0126728567861
2011-08-30,8,14,208.99999999999994,189.86415575592042
2012-08-22,8,17,782.9999999999998,756.6088277791573
2011-05-20,5,19,301.9999999999999,295.3327273033758
2011-05-23,5,23,71.99999999999999,58.85177340067426
2011-12-27,12,22,32.0,42.24345122853509
2011-01-27,1,21,37.99999999999999,50.75784927605925
2011-03-19,3,22,71.99999999999999,62.40744032753821
2011-04-03,4,21,45.0,63.89593418547916
2011-08-17,8,4,5.0,6.253872216988542
2011-08-21,8,5,8.000000000000002,6.60283770451036
2011-06-08,6,2,6.999999999999998,6.884468625613789
2012-03-01,3,12,219.99999999999991,248.13894032807335
2011-10-06,10,22,148.0,144.77698929378337
2011-03-14,3,2,1.0,3.7102180563953895
2011-08-20,8,4,6.999999999999998,10.871904584459468
2011-04-30,4,2,64.99999999999997,43.896427906579234
2012-02-27,2,23,56.00000000000001,59.59979634739361
2011-07-14,7,17,595.0000000000001,549.0045150072148
2011-06-05,6,1,96.0,67.59990191190968
2011-04-04,4,16,189.0,240.59136189460204
2011-09-28,9,23,71.0,83.07290847013162
2012-11-15,11,18,573.0000000000002,536.6456130510677
2012-07-10,7,2,16.0,9.025775031004171
2012-10-12,10,8,744.9999999999997,612.8783292896698
2012-12-30,12,17,123.00000000000003,116.2241488622027
2011-11-18,11,20,137.00000000000006,124.22002229011315
2012-09-11,9,0,32.0,41.35111526257601
2011-11-23,11,22,61.99999999999999,85.40036753453171
2012-12-05,12,16,377.0000000000001,389.04356281913306
2012-03-24,3,7,70.0,77.9881026175504
2011-09-19,9,17,568.0,472.1743194504962
2011-01-11,1,17,136.00000000000003,114.1588835488834
2011-04-01,4,4,3.0,2.2872362095411023
2012-05-04,5,14,241.99999999999994,290.0567540676556
2011-10-11,10,16,320.0,338.01914204197277
2011-04-13,4,15,81.00000000000001,99.946201319523
2012-12-10,12,21,244.99999999999991,168.97121051881211
2012-05-18,5,23,174.00000000000009,200.22520914636155
2011-11-27,11,8,42.0,64.34786061328771
2011-11-26,11,18,185.00000000000009,215.68236945514693
2011-05-31,5,6,109.00000000000004,102.77435897155699
2011-07-29,7,23,116.00000000000003,137.2681247693776
2011-12-25,12,15,91.00000000000001,85.95542096489771
2011-11-05,11,12,372.00000000000017,282.96000681608984
2011-04-10,4,22,56.999999999999986,65.98892950942262
2011-09-13,9,0,26.0,24.26515615708325
2012-01-28,1,11,296.00000000000006,257.78698164831536
2012-08-27,8,18,833.9999999999997,849.4391845045785
2012-02-24,2,17,256.00000000000006,225.2273416017848
2011-12-05,12,0,23.999999999999996,21.38299890142697
2012-01-21,1,13,76.00000000000001,134.51219629815412
2012-08-29,8,11,253.0,249.61791544517814
2011-08-05,8,2,18.999999999999996,14.399556970496882
2012-07-21,7,16,326.0,372.6829857622512
2011-12-29,12,20,96.0,77.18104180455784
2011-07-27,7,5,17.999999999999996,24.150574596183237
2012-06-12,6,6,136.00000000000003,150.72671477506552
2011-04-05,4,8,157.00000000000003,85.6738195874362
2012-05-06,5,11,413.99999999999983,506.9809238307198
2012-06-04,6,2,11.0,8.137592515515289
2011-03-23,3,7,118.00000000000003,133.0639370659852
2012-05-08,5,16,389.00000000000006,246.66999102486534
2012-11-13,11,16,309.99999999999994,399.4360483477229
2011-11-30,11,4,5.0,5.337505846746011
2011-12-03,12,3,9.000000000000002,21.375745373113055
2011-02-25,2,7,35.0,54.93146305583605
2011-07-17,7,22,180.99999999999997,126.96575793346783
2011-09-07,9,5,16.0,24.958712071977526
2011-12-28,12,12,140.00000000000003,113.48343431514905
2011-03-27,3,16,143.0,194.93976266465958
2011-06-07,6,23,89.99999999999997,78.8286694189579
2012-03-03,3,15,398.9999999999999,469.89091216037855
2011-01-22,1,18,54.000000000000014,56.08665753426388
2012-08-12,8,10,328.0,402.323301138558
2012-03-04,3,15,333.99999999999994,311.10332090557085
2012-04-13,4,21,189.0,251.7179217921068
2011-05-05,5,23,114.99999999999999,90.01230612346598
2012-04-28,4,9,213.99999999999991,227.48172127673493
2011-03-11,3,2,5.0,3.4138676761341533
2011-05-26,5,15,141.00000000000003,196.31055006373148
2011-03-26,3,22,62.99999999999998,50.38269179466849
2012-03-11,3,21,146.99999999999994,118.43893798930382
2011-10-21,10,22,113.00000000000003,131.10857472841548
2012-01-02,1,20,87.99999999999999,75.06090307885904
2012-07-06,7,23,163.99999999999994,158.03158271240443
2012-04-25,4,9,321.00000000000006,333.13965617156146
2012-06-15,6,16,558.0,583.2115741333174
2011-10-03,10,23,54.000000000000014,53.24766626743752
2011-05-08,5,7,23.000000000000004,33.83578816672899
2012-12-31,12,17,163.99999999999994,172.07272787335768
2011-12-27,12,0,12.0,9.236072643958828
2011-06-22,6,18,513.0000000000002,505.7334491572371
2012-01-31,1,8,511.99999999999994,424.2571434015125
2012-07-12,7,12,292.0000000000001,339.03444563367833
2012-01-11,1,22,48.99999999999999,38.552114424713466
2012-06-08,6,22,291.0,274.0511008126942
2012-04-11,4,3,2.0000000000000004,2.419235602659127
2011-12-30,12,2,12.0,9.595837384742875
2011-07-05,7,21,244.99999999999991,232.55256988461295
2011-12-19,12,19,251.00000000000003,327.45433378682475
2011-06-05,6,11,335.0,310.140603815371
2011-07-16,7,2,58.000000000000014,63.194548259949684
2012-04-15,4,19,379.00000000000006,436.52020394942565
2011-09-15,9,8,390.9999999999999,413.73242761812133
2011-07-01,7,9,260.00000000000006,238.57189372483552
2012-04-28,4,7,55.00000000000002,63.80191336380795
2012-08-02,8,11,226.00000000000006,221.9318479563666
2011-05-09,5,19,384.00000000000017,368.0611071227589
2011-06-13,6,19,423.0,448.18956478146015
2012-11-19,11,8,662.9999999999998,556.4618468021706
2011-09-24,9,3,31.0,24.28435255807637
2012-12-31,12,16,213.99999999999991,197.2868843156995
2012-10-31,10,19,409.99999999999983,425.64331447084976
2012-08-03,8,1,42.99999999999999,36.19792329758571
2012-03-12,3,20,286.00000000000006,310.8014493547304
2011-05-30,5,17,304.00000000000006,295.98089638908954
2012-10-12,10,11,312.9999999999999,279.4282538815544
2011-07-02,7,16,398.0000000000001,349.5735101025458
2011-03-28,3,23,18.999999999999996,20.045610677976853
2011-05-20,5,16,330.0,407.9092077490267
2012-10-26,10,7,421.0000000000001,433.2664156615547
2012-06-27,6,9,282.0,328.45462306121624
2011-08-24,8,23,70.0,99.28377593160103
2012-06-08,6,7,428.0,470.17905866051706
2011-11-18,11,9,212.99999999999994,206.19666681791205
2011-08-07,8,22,102.99999999999999,106.3641611303917
2011-08-15,8,5,16.999999999999996,18.215062578993155
2011-02-10,2,22,51.00000000000001,43.48751937180634
2012-10-14,10,9,222.99999999999994,238.03951388593603
2012-09-14,9,3,14.0,8.50035804705291
2012-08-24,8,11,281.00000000000006,310.0167372353462
2011-07-23,7,18,196.0,238.0518980259247
2012-10-06,10,6,30.0,31.431975836047688
2011-07-28,7,23,123.00000000000003,109.70426379974495
2011-06-25,6,9,186.00000000000003,202.32826597170555
2012-06-26,6,1,30.0,22.968763547671752
2011-03-09,3,21,61.99999999999999,63.44986513625817
2012-02-25,2,21,84.99999999999997,81.46959574004666
2012-04-24,4,6,120.00000000000003,106.73810407172543
2012-10-21,10,3,41.00000000000001,25.45167511118428
2012-02-08,2,18,166.99999999999997,191.8932193898115
2011-06-22,6,1,21.000000000000004,18.54618206097617
2011-11-12,11,10,231.99999999999991,185.45880714509002
2011-03-24,3,20,118.00000000000003,95.34336739943795
2012-01-14,1,10,148.99999999999997,185.59675114370364
2012-12-03,12,14,260.00000000000006,273.4590192543519
2011-04-02,4,23,53.00000000000001,58.84718468688662
2012-09-07,9,5,40.00000000000001,36.11545201814049
2012-03-02,3,15,78.0,203.1333798950348
2012-06-05,6,16,473.00000000000017,504.5587325664748
2012-07-18,7,16,224.0,422.9117351654511
2011-07-07,7,3,3.9999999999999996,5.068520984630832
2011-10-18,10,12,201.00000000000006,232.6172736509617
2012-06-14,6,10,179.0,194.77887031523073
2011-06-22,6,12,188.00000000000003,169.39132699728526
2011-03-16,3,1,3.0,3.458931158616908
2011-04-22,4,23,16.999999999999996,26.754785204868174
2011-01-22,1,17,67.00000000000001,77.502954928456
2012-01-28,1,16,406.9999999999999,303.63583506579204
2012-11-21,11,3,2.0000000000000004,4.756916827058947
2012-05-11,5,15,438.99999999999983,414.9606104258518
2012-04-13,4,17,737.9999999999998,707.4985624810588
2011-07-02,7,20,284.00000000000006,258.1427137241873
2012-12-03,12,13,321.00000000000006,325.5801629430356
2011-11-30,11,14,112.00000000000003,129.75736128763717
2012-12-20,12,4,5.999999999999999,7.742554444189176
2011-02-17,2,2,5.999999999999999,3.4078457867927656
2011-07-29,7,2,12.999999999999996,13.067680973835374
2012-12-08,12,3,29.000000000000004,20.233186714990005
2011-11-13,11,7,42.99999999999999,23.06034818127692
2011-02-14,2,6,26.0,25.56034488695922
2012-01-24,1,1,9.000000000000002,6.999229607017577
2012-03-01,3,18,525.0000000000001,570.9002918714118
2011-09-09,9,15,188.00000000000003,201.1374468128716
2011-05-24,5,11,174.99999999999991,136.3838119427205
2012-05-13,5,23,73.99999999999997,95.91448056866787
2011-12-20,12,13,180.99999999999997,158.37334742205013
2011-07-02,7,12,373.99999999999994,371.14243047316853
2011-03-26,3,8,65.99999999999997,78.03169821477171
2011-10-19,10,12,129.99999999999994,67.57309921625652
2012-04-11,4,17,579.0,546.548096817307
2011-05-17,5,1,12.999999999999996,11.401713607934303
2012-05-10,5,0,33.00000000000001,26.310925604609057
2012-05-31,5,21,359.00000000000006,345.5382870314182
2011-11-12,11,9,160.00000000000003,130.2913164255372
2012-06-24,6,20,332.0,379.29648966353966
2012-02-05,2,14,243.00000000000006,285.6448350298369
2012-08-29,8,20,426.9999999999999,458.18944525680496
2012-07-31,7,23,146.99999999999994,122.08575922813769
2012-08-18,8,17,635.0000000000001,583.215806199575
2011-10-10,10,3,11.0,8.235457933637505
2012-06-17,6,7,47.99999999999999,64.102659824695
2012-08-03,8,10,248.9999999999999,273.8819770621212
2012-05-08,5,20,301.9999999999999,292.7495662210805
2011-06-18,6,22,160.99999999999994,177.26908254189166
2012-09-03,9,14,511.99999999999994,537.1595049148807
2011-02-18,2,23,77.0,53.106630508597895
2012-08-08,8,2,5.999999999999999,9.374829265629895
2011-06-17,6,1,23.000000000000004,22.20658990358815
2012-03-04,3,1,76.00000000000001,71.02694199136748
2012-10-23,10,11,253.0,238.09063995974387
2012-08-16,8,7,463.99999999999983,573.5667990461433
2012-02-07,2,10,116.00000000000003,130.22538666109364
2012-10-08,10,19,370.9999999999999,333.47192518207453
2011-02-11,2,20,62.99999999999998,65.53284849808645
2012-06-23,6,23,225.00000000000009,218.24260732748758
2012-12-30,12,13,169.00000000000006,137.7313043909846
2011-11-15,11,21,168.0,195.99514574263836
2012-09-29,9,13,685.9999999999998,764.7043139187492
2011-07-18,7,17,545.0000000000001,438.2107911065259
2012-06-06,6,19,538.0000000000002,538.0074909735977
2012-10-10,10,18,844.0000000000001,872.5965829122778
2011-09-13,9,4,8.000000000000002,6.625489799021132
2011-06-28,6,15,166.00000000000006,172.52088932073363
2012-07-07,7,12,341.99999999999983,395.02119468742217
2012-11-28,11,12,207.99999999999997,216.76836824130461
2012-01-13,1,18,301.0,325.16897715112765
2012-01-08,1,18,180.99999999999997,176.62958132169396
2012-11-09,11,7,340.9999999999999,373.3864973474755
2012-10-16,10,0,47.99999999999999,37.33308659450056
2011-09-25,9,15,352.99999999999994,339.82213113396205
2012-08-07,8,23,137.99999999999997,129.4358177536169
2012-02-04,2,10,224.0,190.8148386716859
2011-05-04,5,14,107.00000000000003,147.05985955588355
2012-04-22,4,2,56.00000000000001,50.77364252778074
2011-04-21,4,15,235.0000000000001,136.33376242874203
2011-01-26,1,17,26.0,89.17903903813166
2012-04-19,4,10,189.0,183.71736130035785
2011-03-18,3,15,173.0,134.54175004247944
2011-05-20,5,21,194.99999999999991,192.40277440458394
2012-03-28,3,13,273.00000000000006,284.86758626880265
2011-10-17,10,22,103.99999999999997,125.61118096171543
2011-05-26,5,22,180.00000000000006,180.00288689002156
2011-07-17,7,2,94.0,86.26612258420309
2011-12-13,12,7,222.99999999999994,271.3858944071389
2012-10-16,10,12,325.0,326.92542020265586
2012-07-25,7,19,697.9999999999999,667.3048898177594
2012-12-14,12,0,47.00000000000001,50.32685318308314
2012-04-11,4,5,26.999999999999996,20.220312518639872
2011-04-25,4,9,174.00000000000009,209.4837046750536
2012-03-04,3,14,332.0,337.0694220652472
2011-11-20,11,18,145.0,199.13048219721432
2012-11-18,11,2,73.00000000000003,55.05070507638571
2011-02-18,2,6,50.0,33.417673664111604
2011-02-18,2,14,191.0,146.7814099944772
2011-06-11,6,17,337.00000000000006,394.82650807089806
2012-08-16,8,21,355.9999999999999,357.0437286928934
2012-02-22,2,4,2.0000000000000004,4.170597024483118
2011-02-12,2,17,137.00000000000006,113.26038005949579
2012-07-10,7,14,241.99999999999994,259.14815281248184
2012-04-06,4,17,654.9999999999998,657.3633642933153
2012-12-31,12,2,11.0,6.562820071079485
2012-06-19,6,1,14.0,17.469511998726727
2011-05-15,5,4,12.999999999999996,10.955504866583976
2011-09-18,9,14,311.00000000000006,408.19065838046544
2011-12-24,12,1,16.0,34.27369330424834
2011-05-02,5,15,155.0,177.27142176253707
2012-10-02,10,14,163.00000000000006,146.93225669257487
2011-01-29,1,14,99.00000000000004,94.55060216511629
2011-04-19,4,7,188.00000000000003,245.18378287731537
2011-02-25,2,1,10.000000000000002,7.834895305574873
2011-04-27,4,20,218.00000000000003,207.17956025173487
2011-09-20,9,16,263.99999999999994,222.1217428222088
2012-06-16,6,1,94.99999999999999,94.95477212643736
2011-12-17,12,12,244.0000000000001,249.09547102148596
2011-11-23,11,9,166.99999999999997,188.82256685197171
2012-10-10,10,16,565.9999999999998,522.8700833090031
2012-02-06,2,7,234.0,289.16074420582913
2012-08-10,8,14,306.9999999999999,334.18517135240154
2011-04-30,4,13,455.00000000000017,384.31980530069774
2012-02-24,2,22,105.99999999999996,118.82055869840693
2012-07-18,7,17,369.99999999999994,732.7299340649328
2011-09-20,9,15,192.0,137.88458638808754
2012-03-02,3,8,548.9999999999998,466.07718987511015
2012-02-12,2,0,21.000000000000004,24.9185663236039
2011-02-24,2,20,89.0,94.55667483506552
2012-02-19,2,23,35.0,37.8251721487557
2012-03-25,3,18,490.9999999999999,475.7744477705449
2011-12-04,12,13,357.0,288.23162684084133
2012-04-08,4,19,276.0,341.5348809849827
2011-08-05,8,22,188.00000000000003,178.9443589747626
2012-02-12,2,7,17.999999999999996,14.121022055845238
2012-04-18,4,12,109.99999999999997,152.31966703583316
2012-06-30,6,1,58.000000000000014,72.5641627894418
2012-02-16,2,18,352.99999999999994,268.8499026555528
2011-12-08,12,4,2.0000000000000004,5.5810545377559535
2011-09-06,9,5,21.000000000000004,13.607618902354277
2012-04-22,4,1,73.00000000000003,60.035409122390455
2012-01-24,1,14,173.0,122.8760497994895
2011-02-15,2,18,212.00000000000009,215.0357861620759
2011-12-11,12,11,197.0,258.95539610739945
2012-05-16,5,19,590.0000000000002,558.5288489691118
2011-05-15,5,7,42.0,31.410239180225787
2011-02-13,2,22,35.99999999999999,47.768748485830166
2012-01-28,1,8,91.00000000000001,63.5624901567339
2012-07-01,7,8,141.99999999999994,132.67486412190956
2012-03-24,3,9,248.9999999999999,286.57481774988327
2012-04-02,4,9,317.0,324.23577368674745
2011-09-21,9,7,330.0,302.02910098114967
2012-09-12,9,20,470.0,411.8944426194733
2011-02-20,2,2,16.999999999999996,14.712134242402136
2012-12-07,12,15,303.00000000000006,248.08972383690394
2011-10-30,10,3,33.00000000000001,19.41408895250726
2011-08-30,8,3,3.9999999999999996,4.914577231059674
2011-03-16,3,12,87.99999999999999,107.9056067761942
2012-07-10,7,11,248.9999999999999,207.40754474193355
2012-11-15,11,23,125.0,95.27720494358971
2011-04-17,4,16,342.99999999999994,325.12977462686746
2011-10-30,10,15,290.0000000000001,353.2824998488751
2011-06-09,6,19,326.0,346.12802866984117
2011-05-30,5,16,309.00000000000006,283.71095902564684
2012-03-25,3,12,359.99999999999983,355.36432213450195
2012-11-08,11,11,170.99999999999994,163.96770456875558
2011-11-06,11,5,5.0,4.854444615751223
2011-12-02,12,7,205.00000000000003,218.99311130751926
2011-05-22,5,16,273.00000000000006,378.641262763119
2011-11-04,11,2,10.000000000000002,10.272486215035162
2011-03-08,3,20,76.00000000000001,101.91899753714338
2011-01-16,1,14,91.00000000000001,111.39149383175835
2011-02-18,2,0,32.0,31.852707312418346
2011-10-23,10,2,50.0,52.525634544862505
2012-08-03,8,15,380.0000000000001,331.9709447986358
2011-06-02,6,1,14.999999999999998,18.787978145938894
2012-08-17,8,12,364.9999999999999,379.8912611287772
2011-10-24,10,19,237.00000000000009,256.87783783520933
2012-12-19,12,1,14.999999999999998,15.54827046272581
2012-05-14,5,8,155.99999999999994,277.529317458412
2011-02-21,2,8,62.99999999999998,43.7275238524352
2012-01-27,1,9,107.00000000000003,206.0567417113861
2011-01-31,1,19,110.99999999999996,126.23841091863541
2011-04-16,4,7,21.000000000000004,29.168082323918163
2012-10-22,10,11,210.99999999999997,231.34562598516004
2012-01-29,1,4,5.0,7.844926790367036
2012-12-10,12,3,3.9999999999999996,4.533287531035161
2011-03-25,3,5,9.000000000000002,8.322294026579577
2011-06-14,6,10,129.99999999999994,123.23400175949996
2011-07-28,7,2,6.999999999999998,10.087467679033221
2012-03-04,3,12,327.0000000000001,311.47056256557
2011-12-12,12,15,132.0,138.1626988197018
2012-01-28,1,7,31.0,23.716846049360935
2012-06-14,6,11,228.00000000000006,234.88130350536173
2012-10-06,10,17,610.0000000000002,556.3185918397847
2012-06-28,6,15,219.00000000000009,261.49939584181294
2011-05-21,5,17,443.99999999999994,431.61872186815833
2011-02-16,2,10,69.00000000000003,59.37052158300501
2011-01-20,1,19,151.99999999999997,105.66250420946231
2011-02-02,2,0,2.0000000000000004,10.200441402474079
2011-03-20,3,5,9.000000000000002,2.2716581351873906
2012-01-04,1,20,123.00000000000003,126.33249217847339
2012-12-25,12,14,125.99999999999999,151.88501957615918
2011-07-20,7,11,141.99999999999994,129.23865556867852
2011-01-19,1,13,78.0,91.05204123055792
2012-03-29,3,15,306.9999999999999,252.62820717505747
2011-05-08,5,10,244.0000000000001,278.24940917921384
2012-01-03,1,9,153.00000000000006,189.07929301712508
2011-12-01,12,2,9.000000000000002,4.417185384767967
2012-12-11,12,23,63.99999999999998,82.49245684081512
2012-09-28,9,11,361.00000000000017,277.0070304733255
2011-09-26,9,17,570.0000000000001,604.8949666708469
2011-09-06,9,21,121.00000000000003,112.6384230103264
2012-07-25,7,18,891.0000000000002,865.923597224644
2012-09-19,9,17,885.9999999999998,863.4672848695274
2012-06-10,6,12,502.0,509.21794652458766
2012-10-04,10,5,39.0,31.313396712844217
2012-08-12,8,22,180.99999999999997,149.99357929417238
2012-10-04,10,6,132.99999999999997,99.8910616595562
2012-07-19,7,17,771.0000000000002,615.8997621493978
2011-06-16,6,5,25.000000000000004,24.677866248505737
2011-07-14,7,15,180.00000000000006,210.30824354177443
2011-08-12,8,14,186.00000000000003,244.56930076263552
2011-09-14,9,11,163.99999999999994,149.79600279073628
2011-08-19,8,19,165.00000000000006,174.79578660820638
2011-03-31,3,19,129.99999999999994,125.2685035574938
2011-08-10,8,1,16.999999999999996,16.500166859960043
2012-09-18,9,7,355.9999999999999,444.59605484055174
2012-03-19,3,1,14.999999999999998,13.982162455902587
2011-06-15,6,6,121.00000000000003,128.7141237027299
2011-03-26,3,6,10.000000000000002,12.377195391667527
2012-05-10,5,15,271.0000000000001,286.34582350960676
2011-12-29,12,15,176.99999999999997,145.6016120660297
2011-01-20,1,4,1.0,1.7349833214129369
2012-04-06,4,0,61.00000000000001,61.9682392404107
2012-05-31,5,14,253.99999999999991,255.90613391152672
2011-07-19,7,10,141.00000000000003,122.27091387414447
2012-02-08,2,6,97.99999999999999,97.28841477247109
2011-02-05,2,14,55.00000000000002,72.39799182657092
2012-09-06,9,1,17.999999999999996,21.339244364130344
2012-03-16,3,1,26.0,24.7844071626141
2012-03-06,3,1,5.999999999999999,3.759765602610873
2011-10-03,10,1,5.999999999999999,11.247922923007492
2012-12-12,12,18,539.9999999999998,527.7059896448142
2012-10-13,10,16,636.9999999999999,640.756007291055
2011-06-14,6,0,31.0,27.240923091833416
2012-04-01,4,9,274.9999999999999,194.81747989332933
2011-08-13,8,6,22.0,21.266384313955285
2012-11-10,11,18,359.00000000000006,345.73880836615893
2012-11-16,11,3,5.999999999999999,4.881353585425088
2012-09-02,9,4,22.0,18.384338053263484
2012-12-14,12,13,312.9999999999999,253.54932807707553
2011-11-15,11,2,14.999999999999998,4.712216079518191
2012-05-01,5,23,94.99999999999999,103.23774470269244
2011-10-24,10,4,5.999999999999999,6.337833489405263
2012-02-15,2,13,170.00000000000009,178.52400110580447
2012-06-01,6,21,84.99999999999997,138.53150756522697
2011-02-26,2,23,33.99999999999999,41.69711739218652
2012-11-08,11,14,182.00000000000009,224.55894555770737
2011-12-09,12,15,189.0,198.8904471963483
2012-09-22,9,23,170.99999999999994,222.54230018496528
2011-10-15,10,0,105.99999999999996,94.32869327277211
2012-08-17,8,8,668.0000000000002,562.1980860797042
2011-12-15,12,8,457.00000000000017,389.81969205949207
2012-03-02,3,0,45.99999999999999,44.808805983906126
2011-06-17,6,7,249.9999999999999,297.38356712868716
2012-04-21,4,3,29.000000000000004,23.11536227642802
2011-10-28,10,12,212.99999999999994,206.11537805038085
2011-07-11,7,17,514.0000000000001,396.9414508359369
2011-03-29,3,17,298.99999999999994,259.6239236453701
2012-03-25,3,17,418.99999999999994,523.2399217224978
2012-08-14,8,13,286.00000000000006,295.2132212264915
2012-12-16,12,2,87.00000000000003,75.81823409407848
2012-03-22,3,16,425.00000000000017,447.392586392966
2012-09-24,9,4,8.000000000000002,8.292136548967196
2012-08-17,8,21,254.99999999999994,301.29821766987556
2011-03-02,3,2,2.0000000000000004,3.179820119160695
2012-03-08,3,17,596.9999999999998,547.2231169181771
2011-12-21,12,3,2.0000000000000004,3.91496658285531
2011-03-13,3,4,12.999999999999996,5.1922684678559206
2012-07-03,7,8,646.0000000000002,645.8262909774616
2012-05-16,5,7,440.0,485.6979611829876
2012-10-27,10,6,31.0,21.303287889032802
2012-10-13,10,19,332.0,337.2470742300949
2012-03-09,3,7,268.0,313.273291389621
2012-08-22,8,9,376.00000000000006,381.9232334097602
2011-11-16,11,8,231.99999999999991,170.77539689176552
2011-09-28,9,6,114.00000000000001,69.15496863072339
2012-10-13,10,7,70.0,76.91703583052548
2012-06-20,6,2,5.999999999999999,11.031389152530283
2011-10-13,10,9,109.00000000000004,125.7669863398131
2011-10-10,10,9,219.00000000000009,278.73788290816657
2012-06-10,6,5,12.999999999999996,13.120651259299764
2011-10-26,10,2,3.0,5.731676113243293
2011-08-20,8,3,51.00000000000001,27.765538563173422
2011-06-22,6,23,104.99999999999997,108.1501743537845
2012-01-07,1,15,449.00000000000006,504.6354152502187
2011-12-23,12,19,76.00000000000001,82.59106608604725
2011-11-03,11,4,3.9999999999999996,6.6624159724058485
2012-09-19,9,7,545.0000000000001,615.3586509368213
2011-08-11,8,3,9.000000000000002,4.930088226572169
2012-04-23,4,20,202.99999999999994,181.21282929647862
2012-01-19,1,22,89.99999999999997,86.59851204662385
2012-02-07,2,23,51.00000000000001,53.718780708013995
2012-02-22,2,1,6.999999999999998,10.718357676468264
2012-12-30,12,2,18.999999999999996,20.85109267671961
2012-05-24,5,22,243.00000000000006,219.3395234937639
2012-10-11,10,0,42.0,59.49129399201911
2012-07-11,7,19,632.9999999999999,675.6440157015242
2011-01-13,1,15,60.00000000000001,52.045687283018104
2011-05-24,5,1,14.999999999999998,12.481784397592774
2012-11-02,11,2,10.000000000000002,9.826306497533482
2011-01-11,1,1,3.0,2.2413261944349947
2011-04-07,4,22,81.00000000000001,84.22431157857055
2011-05-24,5,0,35.0,26.324433223196344
2012-02-05,2,9,92.00000000000003,97.24925964015462
2011-08-25,8,11,151.0,46.82664860739648
2011-07-04,7,3,26.0,27.37235708665007
2012-11-12,11,1,30.0,23.50464665078867
2012-06-13,6,9,351.99999999999994,317.3101533113356
2011-05-10,5,10,126.99999999999997,130.03040162974432
2011-09-07,9,16,143.99999999999997,219.40344658760807
2012-10-31,10,8,620.9999999999999,603.2038431025651
2012-09-10,9,12,332.0,334.66918378811073
2012-06-10,6,2,73.00000000000003,74.95915549221115
2012-01-07,1,0,78.99999999999997,68.47430064910762
2012-10-18,10,4,5.0,9.662895540727972
2012-05-26,5,6,31.0,31.682226143944142
2011-01-28,1,19,89.0,102.52852518042381
2012-02-20,2,21,97.99999999999999,81.44799558884046
2012-12-29,12,1,36.99999999999999,27.41945297691403
2012-04-08,4,15,485.99999999999994,527.7850175344399
2012-03-14,3,7,367.99999999999994,426.06174403420107
2011-02-22,2,6,6.999999999999998,17.715906447569015
2011-12-06,12,3,3.0,3.1107656430503288
2012-10-11,10,20,415.0,352.7654721341171
2011-09-04,9,7,30.0,33.66323703730658
2012-01-30,1,9,197.99999999999997,194.68852437363526
2011-08-30,8,17,611.0,557.0986188711801
2012-11-28,11,11,145.99999999999997,178.7014317172546
2011-06-26,6,20,212.99999999999994,277.8659817181757
2012-12-12,12,14,225.00000000000009,196.87257300485666
2011-05-22,5,21,136.00000000000003,172.19620570793856
2012-01-16,1,9,96.0,85.1678481017135
2011-02-22,2,23,21.000000000000004,18.914175748687654
2012-11-29,11,11,163.00000000000006,179.53396290297343
2011-08-08,8,12,182.00000000000009,166.38526977936735
2011-01-05,1,13,71.0,84.06945605648905
2012-06-11,6,5,36.99999999999999,29.780705741797824
2012-08-12,8,8,118.99999999999997,139.4825128294246
2011-02-05,2,16,71.0,47.11429380010463
2012-06-13,6,16,392.0,455.49424553357215
2012-06-17,6,5,16.999999999999996,13.715718679333238
2011-12-21,12,19,208.99999999999994,225.42997756385523
2012-01-09,1,5,21.000000000000004,14.187627854545205
2011-11-15,11,0,22.0,27.584505131843184
2011-05-17,5,7,151.0,250.16102364811752
2011-10-30,10,20,92.00000000000003,129.3977176970563
2011-04-18,4,18,361.9999999999999,445.9147162030685
2012-07-23,7,9,345.00000000000017,331.6542518306556
2012-09-05,9,16,429.99999999999983,425.23834862637614
2012-12-18,12,2,6.999999999999998,5.127334111933154
2012-05-03,5,11,201.00000000000006,209.05881614165565
2012-02-19,2,7,14.0,13.41675002663181
2011-09-22,9,9,202.99999999999994,195.3763940234235
2011-06-03,6,2,12.0,12.331144157103134
2011-01-07,1,17,187.0,156.61852958765468
2011-11-20,11,6,9.000000000000002,7.598671456442501
2012-04-09,4,17,631.9999999999998,630.7995240673952
2011-06-08,6,10,89.99999999999997,109.83072582034136
2012-03-04,3,3,26.0,25.731174965628796
2012-02-27,2,12,176.99999999999997,154.53373945958393
2012-07-14,7,8,151.0,182.89897056414523
2012-03-28,3,20,361.9999999999999,377.4266924427716
2012-01-25,1,6,87.99999999999999,89.85341880066362
2012-10-13,10,22,189.0,194.08002030432212
2012-01-24,1,16,277.99999999999994,253.8304755935154
2012-06-17,6,14,581.9999999999999,598.5641047766054
2011-02-02,2,10,61.00000000000001,58.57308592726161
2011-10-15,10,8,125.0,140.41908128447656
2012-08-11,8,8,162.0,170.6528002798113
2011-01-09,1,23,5.999999999999999,11.031238037417218
2012-05-14,5,16,110.99999999999996,274.80985272760745
2012-07-18,7,6,162.0,184.67040228358914
2011-02-08,2,18,151.99999999999997,165.14369187598984
2012-08-03,8,11,262.99999999999994,288.50546038140965
2011-07-30,7,21,205.00000000000003,202.9326287816813
2011-09-30,9,10,168.0,170.668577487317
2011-11-24,11,9,81.00000000000001,76.44785929160096
2011-12-20,12,23,53.00000000000001,80.72326078938613
2012-10-24,10,17,963.0,845.4043033453248
2011-06-21,6,17,572.0000000000002,548.5739750494596
2012-05-05,5,14,428.0,540.1541240607758
2011-10-31,10,4,5.999999999999999,5.567553658169499
2012-05-27,5,10,424.00000000000017,393.62638541923315
2011-04-22,4,9,194.99999999999991,126.56038691613048
2011-01-14,1,11,53.00000000000001,47.80669678191617
2011-12-21,12,4,2.0000000000000004,5.524779217528241
2011-08-12,8,18,464.99999999999983,527.6670975276585
2012-03-05,3,22,78.0,70.34666399136891
2012-02-28,2,18,449.00000000000006,500.95248281739737
2012-10-20,10,14,711.0,707.4621303899617
2011-08-23,8,21,210.99999999999997,233.21950184646568
2011-04-22,4,15,75.0,54.645824907312715
2012-11-27,11,21,185.00000000000009,146.66777986842877
2012-04-18,4,16,235.0000000000001,265.30330577913446
2012-03-09,3,13,224.0,213.35277183172514
2011-08-21,8,1,86.0,90.8560922131507
2012-02-29,2,11,10.000000000000002,49.81166714484139
2012-04-27,4,1,35.0,37.233807295359654
2011-04-25,4,0,12.0,18.90846127391013
2011-11-11,11,10,200.0,162.66292041103705
2012-12-03,12,0,21.000000000000004,27.68433462773245
2012-12-23,12,8,47.99999999999999,31.18941297105487
2012-04-16,4,11,251.00000000000003,277.42294792575996
2011-03-31,3,0,3.0,7.611786731767166
2011-07-12,7,19,337.00000000000006,391.99939864961556
2011-10-27,10,12,53.00000000000001,63.4640030608911
2011-07-12,7,0,22.0,32.335071177050025
2011-11-12,11,17,284.99999999999994,302.645858948332
2012-09-17,9,5,45.0,40.05190957944017
2012-07-27,7,9,362.99999999999994,341.1409340035169
2012-04-08,4,11,403.99999999999983,439.61823224342885
2012-01-01,1,16,215.00000000000006,238.3556012393986
2012-07-09,7,19,631.0000000000001,640.3665628509418
2011-07-29,7,16,233.00000000000006,272.1159715236025
2011-06-09,6,21,170.99999999999994,224.52543363814144
2011-05-17,5,21,174.00000000000009,177.1302507383279
2011-10-08,10,7,73.00000000000003,44.55997868925727
2012-12-26,12,13,14.999999999999998,24.179274649763133
2012-11-12,11,10,266.00000000000006,351.7926212732278
2011-10-04,10,19,345.00000000000017,331.6104168899015
2012-03-12,3,21,205.00000000000003,203.0741193503469
2011-09-27,9,10,121.99999999999994,89.49493295455335
2012-10-18,10,22,229.00000000000006,208.18864891582558
2012-03-29,3,19,467.9999999999999,483.22554243424815
2011-06-11,6,11,325.0,344.8679775173123
2011-11-06,11,12,346.00000000000006,377.51105273249004
2012-08-22,8,2,16.999999999999996,10.34865657527621
2012-04-25,4,18,709.0000000000002,732.4310160356515
2011-03-10,3,21,28.000000000000004,33.75628067751124
2011-02-16,2,21,92.00000000000003,94.5114245080586
2011-05-25,5,14,168.0,163.5266675778913
2011-03-04,3,8,228.00000000000006,204.090529872695
2011-12-07,12,21,5.999999999999999,23.2681618178046
2011-05-31,5,17,495.00000000000017,535.9702464700789
2011-07-27,7,2,5.999999999999999,9.916160249521042
2011-03-08,3,12,99.00000000000004,94.42982101071746
2012-06-30,6,15,403.99999999999983,438.93849136103347
2011-11-06,11,23,50.0,40.11724626435852
2011-12-26,12,5,3.9999999999999996,2.118400148949972
2012-09-08,9,14,626.0000000000001,596.6086113110031
2011-09-05,9,22,63.99999999999998,41.08260925264671
2012-12-17,12,17,495.00000000000017,511.5655924263242
2011-08-19,8,18,425.00000000000017,488.6909842759493
2011-01-11,1,12,56.999999999999986,67.50113296066117
2011-08-13,8,20,183.00000000000006,167.2433516767032
2012-08-01,8,1,33.00000000000001,21.776734587749214
2011-08-15,8,18,483.0000000000002,525.2077057831503
2012-06-23,6,18,480.99999999999994,467.02433745418466
2011-05-01,5,13,332.0,346.06025288761776
2012-01-14,1,11,178.0,225.50843893616198
2011-07-18,7,8,347.00000000000006,373.63809829573637
2011-01-20,1,8,248.9999999999999,196.68884141016187
2011-02-02,2,13,75.0,74.50877249935284
2012-03-31,3,3,31.0,21.055810536051776
2012-09-11,9,1,10.000000000000002,16.652643448470243
2012-01-04,1,22,52.00000000000001,74.8974046004639
2012-10-13,10,14,596.9999999999998,609.1844835414499
2011-04-04,4,20,173.0,174.1253796260123
2012-07-04,7,12,494.0,626.6994616851748
2012-01-01,1,2,75.0,71.98012318242938
2011-03-22,3,19,163.99999999999994,208.21109974317298
2011-03-24,3,18,213.99999999999991,212.5954699407067
2012-02-14,2,10,97.99999999999999,112.77873730037456
2011-07-05,7,15,162.0,174.0836602292134
2011-11-05,11,17,333.99999999999994,249.43107837209922
2012-04-22,4,6,12.0,13.88972812411714
2011-08-14,8,2,61.99999999999999,48.11339784590008
2011-12-12,12,3,2.0000000000000004,3.019282665076796
2011-12-13,12,19,266.99999999999994,262.5916409008393
2012-11-09,11,13,298.99999999999994,324.74914924768285
2011-11-12,11,14,434.99999999999994,393.0260406053178
2012-08-16,8,9,337.00000000000006,374.0695178497594
2011-06-06,6,13,180.00000000000006,173.22345724680085
2012-02-15,2,19,311.00000000000006,311.1135898618053
2012-11-12,11,2,20.0,9.85828194021567
2011-10-07,10,7,241.99999999999994,227.34739743405368
2012-03-03,3,11,213.99999999999991,356.1704065403355
2011-04-29,4,23,113.00000000000003,82.75059539872636
2011-05-05,5,16,269.00000000000006,280.9223318742372
2012-12-15,12,2,69.00000000000003,44.734267627618785
2011-11-25,11,4,6.999999999999998,6.3796372340255445
2011-07-21,7,9,200.0,193.82665551338044
2011-02-25,2,14,84.99999999999997,55.71819208249755
2012-06-28,6,5,47.00000000000001,38.030866720914865
2012-12-08,12,4,12.0,7.152850275689934
2012-12-23,12,12,196.0,172.4146699265381
2011-04-01,4,20,77.0,116.8196996425997
2011-04-26,4,7,270.00000000000006,249.22120816509408
2011-11-30,11,12,160.00000000000003,141.97226685596706
2011-04-27,4,2,5.0,10.251213701761728
2011-01-25,1,9,143.99999999999997,128.02206372071947
2011-12-13,12,15,151.0,144.30969602941295
2011-01-20,1,16,91.00000000000001,109.02823951821618
2011-10-21,10,4,5.999999999999999,7.142990772440938
2011-09-30,9,23,132.0,115.33263786379227
2012-11-16,11,9,350.9999999999999,364.0895327523031
2012-08-17,8,3,5.999999999999999,9.715107733221384
2012-03-23,3,1,50.0,44.27626295938435
2012-06-11,6,18,831.0000000000001,766.4102313565659
2011-08-26,8,8,403.99999999999983,361.4800301476842
2012-07-03,7,17,722.0000000000001,800.4945077541502
2012-08-08,8,3,6.999999999999998,4.948399314244133
2012-08-13,8,14,247.99999999999994,271.7147980418067
2012-12-24,12,13,70.0,60.10694607559961
2011-06-16,6,17,272.0,521.5697022860179
2012-05-25,5,1,42.0,45.77361780585529
2011-02-16,2,19,160.99999999999994,140.49897640846072
2012-08-02,8,9,342.99999999999994,355.7942327955944
2012-01-06,1,14,178.0,207.81672688082196
2012-11-25,11,11,204.00000000000006,226.0004190312614
2011-02-18,2,9,169.00000000000006,186.09400500230265
2012-01-21,1,22,58.999999999999986,59.76006546248417
2011-07-12,7,23,78.99999999999997,86.4535408046321
2011-03-07,3,17,233.00000000000006,208.92348338018547
2011-05-17,5,22,97.99999999999999,112.58877327954255
2012-12-14,12,10,190.0,194.20699822342542
2012-12-27,12,10,75.0,100.25875563142847
2012-08-18,8,23,235.0000000000001,234.99838767211264
2012-06-17,6,12,614.9999999999998,571.7501375650679
2011-04-11,4,16,235.0000000000001,249.3973174182024
2011-06-29,6,15,189.0,182.19619865636548
2012-08-06,8,21,317.0,279.2237230894869
2011-01-15,1,22,26.0,31.263035232749772
2012-03-06,3,4,3.0,2.2031090539668394
2012-10-23,10,20,379.00000000000006,408.34989781143855
2012-03-22,3,11,219.00000000000009,173.02176327643187
2011-09-16,9,17,565.9999999999998,570.7085222142947
2011-05-03,5,7,265.0,268.57071770562374
2012-07-07,7,23,148.0,184.62826364966128
2011-01-29,1,13,64.99999999999997,95.94728213894595
2012-01-10,1,21,116.00000000000003,157.70271968203025
2011-08-11,8,4,5.0,6.190631120422228
2011-06-25,6,23,179.0,173.45398840074796
2012-08-31,8,23,174.00000000000009,201.5602708434489
2011-10-24,10,23,58.999999999999986,67.37331919653407
2011-03-03,3,22,53.00000000000001,45.78617627637993
2012-12-01,12,3,14.999999999999998,18.613791708101683
2011-07-28,7,21,196.0,222.63338704238137
2012-12-20,12,0,42.0,46.02864326724769
2012-08-09,8,20,477.99999999999983,465.5975630026731
2011-06-06,6,7,298.99999999999994,335.724015590192
2012-12-19,12,21,168.0,183.63833478436248
2012-06-21,6,3,11.0,6.233337539305141
2011-01-24,1,9,102.00000000000001,93.99851621872041
2011-06-04,6,6,28.000000000000004,24.4228761572077
2011-11-22,11,14,35.0,42.07500942863512
2012-05-23,5,12,247.99999999999994,257.4921123958967
2011-12-06,12,0,28.000000000000004,28.36059201917388
2011-09-17,9,7,36.99999999999999,42.02161765556299
2012-12-16,12,8,87.99999999999999,83.58021066257083
2012-05-23,5,23,105.99999999999996,123.27012357618449
2012-09-13,9,8,758.0000000000003,700.3566422917592
2011-03-11,3,21,53.00000000000001,44.642001341389
2011-08-09,8,15,163.99999999999994,170.45137129139368
2012-03-21,3,22,197.0,172.31949773004268
2012-08-08,8,16,440.9999999999999,496.6857138178793
2012-04-04,4,1,11.0,15.59685776878769
2012-07-15,7,19,311.9999999999999,365.7127007864641
2011-05-21,5,0,97.99999999999999,97.87644586918158
2011-02-15,2,16,97.99999999999999,120.14118570138695
2012-07-30,7,22,229.99999999999994,172.05059974800446
2011-10-02,10,13,308.0000000000001,306.32121268849903
2012-07-08,7,0,146.99999999999994,144.09677056936164
2011-02-08,2,23,12.0,16.945946033170745
2011-10-29,10,6,5.0,4.064557625050732
2011-04-28,4,10,54.000000000000014,107.34581588072511
2012-03-25,3,1,89.0,62.866541686020405
2011-07-17,7,4,10.000000000000002,11.317650000162864
2012-07-20,7,16,435.9999999999999,378.09235063593053
2011-08-20,8,11,337.9999999999999,359.9290929340805
2012-05-24,5,10,185.00000000000009,197.29554025318814
2012-03-09,3,5,29.000000000000004,9.68912335085291
2012-04-26,4,23,112.00000000000003,117.01363483408859
2012-01-30,1,21,162.0,135.92927509664602
2011-08-04,8,18,522.9999999999999,497.19729781869773
2011-11-28,11,8,406.9999999999999,409.37552153381324
2012-10-12,10,10,274.9999999999999,256.2436668968605
2012-08-10,8,0,84.99999999999997,97.04711164900768
2012-08-20,8,5,36.99999999999999,33.773773916027224
2011-12-15,12,15,82.00000000000003,114.23542592524645
2011-12-02,12,0,37.99999999999999,35.795502320812076
2011-08-14,8,11,197.99999999999997,310.11393313259975
2012-05-03,5,7,384.00000000000017,288.1952049704116
2012-08-25,8,10,442.0,387.06513068066806
2011-06-18,6,1,94.99999999999999,77.09626928214446
2012-04-08,4,4,6.999999999999998,12.079808933694217
2012-12-16,12,15,337.9999999999999,309.6298024689731
2011-12-20,12,19,224.0,285.2962812038691
2011-01-27,1,22,26.999999999999996,35.178053953305394
2011-07-08,7,6,102.00000000000001,95.10878187770199
2012-01-26,1,21,192.0,154.8123807742236
2011-12-12,12,8,385.00000000000006,381.82477123039223
2011-09-21,9,21,200.0,129.84758176135225
2012-01-10,1,5,23.000000000000004,21.18274108930423
2011-12-30,12,9,194.0,156.41882711412703
2012-09-16,9,22,126.99999999999997,125.47212412943676
2011-11-03,11,7,292.0000000000001,267.5670144155405
2012-06-24,6,22,178.0,171.03349026175627
2012-02-28,2,20,204.00000000000006,221.18797197045356
2012-09-07,9,20,390.9999999999999,389.8879801919632
2012-05-07,5,10,190.0,158.46599452317167
2011-12-13,12,1,3.9999999999999996,7.732751688917806
2011-10-04,10,0,26.999999999999996,21.700259833141235
2011-09-21,9,8,462.0,384.2906007702132
2011-05-03,5,22,113.00000000000003,132.50910849960505
2011-02-26,2,18,137.00000000000006,111.25384553917894
2011-03-22,3,12,121.00000000000003,118.45587579848946
2011-07-27,7,3,3.9999999999999996,4.557880348366703
2012-03-19,3,0,23.000000000000004,35.83080597472332
2012-03-02,3,5,23.999999999999996,15.464859479975491
2011-07-13,7,4,5.0,5.922798559753265
2011-06-16,6,7,188.00000000000003,264.73955759396006
2012-08-12,8,18,490.9999999999999,489.7423793799659
2012-06-11,6,3,5.999999999999999,4.1028512123324585
2011-06-01,6,17,485.99999999999994,488.8131074086679
2012-09-30,9,6,22.0,18.701925699770907
2012-11-05,11,23,53.00000000000001,69.28042882605678
2012-03-21,3,10,154.00000000000003,175.80520765556932
2011-10-11,10,5,20.0,21.60782177125675
2011-04-09,4,21,75.0,66.8662975061187
2012-01-13,1,2,14.0,10.952593453072303
2011-04-23,4,7,18.999999999999996,16.195391606945712
2012-07-28,7,15,496.99999999999994,465.64790243117636
2011-05-07,5,22,120.00000000000003,162.1029475756289
2012-09-13,9,21,317.0,328.8778847470909
2012-07-12,7,6,178.0,178.86018907743454
2012-05-30,5,8,671.0,637.1840845228246
2012-06-09,6,2,89.0,67.01749132075598
2011-10-24,10,5,21.000000000000004,22.684872933389403
2011-08-16,8,14,182.00000000000009,177.19778719766035
2012-08-02,8,1,42.0,26.94945325084397
2012-04-24,4,17,690.9999999999998,655.8604834104814
2012-11-21,11,16,469.00000000000006,407.8348518439012
2012-09-25,9,1,12.999999999999996,20.940367855320666
2012-07-08,7,14,311.9999999999999,373.7173259315957
2012-10-27,10,23,166.99999999999997,153.992852525627
2012-08-29,8,6,180.99999999999997,198.6435545909649
2012-08-03,8,3,5.999999999999999,7.626595075342582
2011-07-06,7,8,428.0,405.0297252419109
2012-06-20,6,5,39.0,35.28327116465598
2011-12-21,12,8,404.99999999999994,134.8588352872383
2011-07-15,7,6,120.00000000000003,116.60529436326527
2011-01-22,1,15,102.99999999999999,87.24095801097529
2011-11-24,11,14,168.0,163.44885583934538
2011-08-03,8,16,150.0,174.4956144732268
2012-08-10,8,20,369.99999999999994,369.52788035804855
2012-08-13,8,0,47.00000000000001,45.48697486957007
2012-06-17,6,8,118.99999999999997,147.9703254646038
2012-02-07,2,11,128.99999999999997,128.86530005750006
2012-09-07,9,13,354.00000000000006,364.0111756385882
2012-05-20,5,10,431.99999999999994,402.6154407869983
2012-10-26,10,22,216.99999999999997,206.07253738889705
2011-03-17,3,15,125.0,107.59391301689631
2011-05-11,5,17,258.99999999999994,520.8227252713268
2011-08-27,8,17,16.0,52.33830677522922
2012-07-21,7,18,176.99999999999997,427.1172278157116
2012-06-30,6,3,23.000000000000004,34.98620576735487
2012-10-04,10,16,496.99999999999994,555.0971336941609
2012-05-15,5,10,170.99999999999994,195.8473624275695
2011-09-07,9,23,23.999999999999996,40.063159173972295
2011-03-01,3,3,2.0000000000000004,1.384536549076045
2012-06-24,6,15,487.00000000000017,492.449563470567
2012-09-11,9,16,536.0000000000001,557.2144764762685
2012-04-25,4,20,380.0000000000001,352.7868220731415
2012-11-18,11,19,210.00000000000003,176.52387827149172
2011-02-28,2,22,76.00000000000001,34.15686578258595
2011-09-26,9,21,182.00000000000009,169.79765568906242
2011-06-27,6,20,305.0,296.7128892741857
2012-03-31,3,19,284.00000000000006,346.55427616141554
2011-01-30,1,16,123.00000000000003,106.04440513524827
2011-03-03,3,18,166.99999999999997,158.8880046237646
2011-09-18,9,12,364.0,375.0482542391953
2012-02-13,2,6,71.99999999999999,67.03521591462689
2011-06-07,6,13,196.0,193.85086672421312
2012-04-07,4,6,18.999999999999996,20.20232723013954
2012-03-13,3,21,244.0000000000001,266.8151749452627
2012-11-13,11,18,558.9999999999999,562.0418072976648
2012-09-30,9,21,123.00000000000003,162.94486233218572
2012-03-20,3,22,188.00000000000003,165.0120977025148
2011-02-16,2,13,93.0,99.09609337906596
2012-12-20,12,9,317.0,299.7052019707357
2012-01-08,1,15,330.0,303.6818702192121
2011-09-21,9,23,94.99999999999999,87.85583633076311
2011-11-04,11,6,65.99999999999997,74.04431744182037
2012-03-17,3,4,2.0000000000000004,5.318226710578125
2012-06-12,6,21,274.0000000000001,275.7182216598174
2012-09-15,9,7,73.00000000000003,97.81065409216924
2012-07-04,7,23,183.00000000000006,307.5048573740071
2011-08-15,8,6,89.99999999999997,94.46207766296804
2011-05-22,5,11,373.0000000000001,389.13078058032477
2012-10-08,10,9,332.0,350.17273290501777
2011-08-25,8,9,162.0,212.68409644487153
2011-10-12,10,7,258.99999999999994,248.26486963697104
2012-06-30,6,0,69.00000000000003,85.21567852263337
2012-08-19,8,1,130.99999999999997,114.00377216479376
2012-03-15,3,18,746.0000000000001,685.8323749542424
2012-04-16,4,4,5.999999999999999,7.880048979566848
2011-07-26,7,13,182.00000000000009,196.11906383597247
2012-10-21,10,13,626.0000000000001,595.8482401131924
2011-02-02,2,18,182.00000000000009,180.26715911623342
2011-02-16,2,0,14.999999999999998,9.694673306157878
2011-05-14,5,22,26.0,74.88619618915014
2012-05-13,5,9,222.00000000000003,270.6018229224735
2011-09-04,9,22,155.0,115.91484356713676
2012-05-20,5,12,636.9999999999999,583.5206773864041
2011-10-24,10,16,309.99999999999994,326.4439678856052
2011-11-20,11,0,93.0,74.04497788702204
2012-08-23,8,7,480.99999999999994,503.7966399826239
2011-10-03,10,22,91.00000000000001,103.98845959927662
2012-08-01,8,2,12.999999999999996,10.326270487772048
2012-06-01,6,20,39.0,131.47422902404776
2011-01-02,1,7,1.0,4.07718271265625
2011-06-26,6,17,421.0000000000001,378.83943618563603
2012-08-31,8,6,107.99999999999997,140.4777265583781
2012-06-22,6,23,174.00000000000009,153.1830473107613
2011-02-14,2,8,256.00000000000006,185.44380658511304
2011-07-17,7,10,304.00000000000006,245.7948359663381
2012-07-22,7,8,153.00000000000006,116.74074735456905
2011-03-30,3,23,12.0,18.918298296283538
2012-10-16,10,21,194.99999999999991,265.6951325490859
2011-09-18,9,11,317.0,317.1721034922973
2012-09-04,9,6,172.00000000000006,175.28427765839504
2011-12-28,12,17,249.9999999999999,215.32566289465473
2011-01-25,1,11,61.00000000000001,51.117072610110874
2011-09-12,9,4,3.9999999999999996,6.340435983437214
2012-01-10,1,16,239.99999999999994,251.94549682836006
2012-07-21,7,7,36.99999999999999,60.938346006163826
2012-01-16,1,1,20.0,12.847388086965386
2012-07-23,7,1,26.999999999999996,20.83276230621392
2011-07-02,7,17,348.9999999999999,358.75337654020956
2012-10-25,10,20,347.00000000000006,322.85171067685286
2011-10-27,10,6,45.99999999999999,62.30693337879202
2011-12-25,12,7,3.9999999999999996,2.5915758320215114
2012-08-19,8,15,276.0,434.0851344322191
2012-05-23,5,21,244.99999999999991,221.24936823087282
2012-04-16,4,14,288.00000000000006,297.3391453641624
2011-09-22,9,16,301.0,300.54074964791045
2011-01-12,1,22,33.00000000000001,34.734943854064284
2011-01-14,1,16,89.99999999999997,96.96222624695079
2011-03-09,3,4,2.0000000000000004,2.741765487689021
2012-05-04,5,12,170.99999999999994,312.0314100708185
2012-12-15,12,0,94.0,100.94322341449757
2012-09-13,9,3,11.0,6.498380844394536
2012-07-16,7,4,12.0,6.504509092452153
2012-12-28,12,9,191.0,197.29631459476644
2011-04-30,4,22,143.0,117.25064325417179
2011-04-23,4,1,16.0,26.61765628789678
2011-06-07,6,3,2.0000000000000004,3.4095953322604666
2012-01-12,1,1,3.0,9.223431594007693
2012-04-17,4,18,775.0000000000002,793.6576013547489
2012-02-29,2,3,2.0000000000000004,2.1557260977186745
2011-01-22,1,20,45.0,36.157944248059856
2011-03-22,3,13,105.99999999999996,126.49251233026324
2011-05-17,5,18,479.99999999999994,513.8946545236834
2011-08-29,8,10,114.99999999999999,128.63219090282269
2011-08-24,8,16,271.0000000000001,298.5987883498845
2012-07-31,7,5,45.0,33.87312186649022
2012-03-11,3,13,463.99999999999983,408.7124843860767
2011-07-30,7,14,305.0,324.8282589347799
2011-08-08,8,2,6.999999999999998,7.068645896074123
2011-08-22,8,2,8.000000000000002,7.125261147558151
2011-05-09,5,10,118.99999999999997,129.42765943358327
2011-08-20,8,5,8.000000000000002,9.58733113916011
2012-09-19,9,22,229.00000000000006,203.0356480644512
2011-11-10,11,22,89.0,108.69758886775874
2012-11-27,11,0,26.0,25.181887887902842
2012-10-05,10,10,260.00000000000006,281.1924943441709
2011-07-31,7,17,320.0,314.127279988393
2012-03-15,3,9,315.00000000000006,314.7695964932263
2011-05-11,5,12,226.00000000000006,184.20952018855394
2011-12-16,12,21,102.00000000000001,135.02932854585424
2011-06-25,6,1,94.99999999999999,84.56210950528205
2012-07-01,7,20,332.0,334.04268611280577
2012-04-27,4,6,120.00000000000003,102.74667817386133
2011-01-07,1,21,39.0,44.53405763742407
2011-11-15,11,19,286.00000000000006,286.90121582865925
2012-09-15,9,3,36.99999999999999,31.63713060556165
2011-09-24,9,18,400.00000000000006,350.8705970895578
2011-01-25,1,8,238.00000000000009,177.83381635718527
2011-04-12,4,5,16.0,15.692166368260795
2012-06-14,6,1,21.000000000000004,27.318308611452455
2011-04-18,4,10,109.00000000000004,107.87654484308807
2012-11-04,11,18,237.00000000000009,231.62952158972732
2012-08-07,8,10,249.9999999999999,198.97424926837957
2011-09-12,9,11,165.00000000000006,151.076239425565
2012-08-24,8,8,744.0000000000001,592.9718649373549
2012-06-30,6,12,470.99999999999983,469.09928110588027
2011-11-09,11,21,160.99999999999994,153.8470943228617
2011-10-04,10,8,400.00000000000006,383.2612098423092
2011-10-28,10,4,10.000000000000002,6.516419536910825
2012-12-04,12,1,25.000000000000004,14.965237426386274
2011-07-17,7,23,93.0,78.84035129195158
2012-10-11,10,17,826.9999999999999,794.8082780877444
2011-04-04,4,3,1.0,3.707133865169368
2011-04-17,4,6,8.000000000000002,6.495266626935172
2012-01-02,1,12,201.99999999999997,233.56422963419604
2012-09-11,9,15,326.0,349.36779072482716
2011-03-18,3,14,174.00000000000009,170.05833949806004
2011-09-01,9,23,125.99999999999999,110.74443845371916
2012-07-11,7,5,41.00000000000001,36.53317682273032
2012-05-13,5,19,339.0000000000001,333.2743775978331
2012-08-26,8,20,210.99999999999997,234.19586393689184
2012-09-13,9,18,852.0000000000001,926.5841575145997
2012-01-04,1,14,75.0,79.33224482910286
2012-11-13,11,23,84.00000000000001,73.30605212580369
2011-01-22,1,2,11.0,10.714376247972538
2012-09-20,9,20,417.0,406.32383520456466
2011-07-11,7,1,10.000000000000002,22.964843899784633
2012-12-28,12,11,178.0,162.29208243851198
2011-07-12,7,17,428.0,474.0830608250615
2011-01-13,1,0,6.999999999999998,9.809704956786259
2012-02-10,2,18,359.00000000000006,228.60060285846419
2012-03-09,3,18,470.0,411.46499976258724
2012-01-25,1,20,235.0000000000001,189.14887933556918
2011-06-23,6,22,162.0,185.4088989733757
2011-07-03,7,3,33.00000000000001,20.722600625436588
2011-10-12,10,22,42.99999999999999,72.66193602496504
2011-02-17,2,18,222.00000000000003,292.67095405300137
2012-12-01,12,19,248.9999999999999,230.0911937473484
2011-08-11,8,16,298.0000000000001,327.0322176746835
2012-09-13,9,9,337.9999999999999,383.59021891331054
2012-01-01,1,23,29.000000000000004,51.75641541326331
2011-03-23,3,13,107.99999999999997,79.02604224719715
2011-08-25,8,23,84.00000000000001,117.4329712684472
2011-04-25,4,10,125.0,130.5100096238286
2011-04-27,4,8,443.99999999999994,320.8403074864145
2011-10-07,10,9,241.00000000000009,220.4946967948321
2012-10-27,10,1,145.99999999999997,107.90064596883269
2012-06-03,6,15,644.0,603.3820265267781
2011-12-12,12,0,20.0,19.0817315572653
2012-03-27,3,20,294.0000000000001,299.1393612829949
2011-10-11,10,20,234.0,208.59679060533492
2012-03-07,3,17,612.0000000000001,553.3747132766177
2011-10-18,10,18,570.0000000000001,572.48855201049
2012-07-24,7,10,218.00000000000003,173.7655000198622
2011-12-28,12,9,189.0,152.12657789507458
2011-03-19,3,13,301.0,230.62125420956855
2011-10-21,10,16,301.9999999999999,357.99823096646975
2011-09-25,9,13,368.9999999999999,399.23560576076636
2012-01-09,1,4,3.9999999999999996,4.722923826841238
2012-08-04,8,0,160.99999999999994,165.81068373161457
2012-10-01,10,22,206.99999999999997,159.3558506076551
2011-05-07,5,15,378.0,450.4001116388972
2011-05-21,5,8,125.99999999999999,111.88866575358881
2011-02-10,2,11,45.0,40.488630122563855
2011-08-07,8,14,321.99999999999994,326.795965751215
2011-07-02,7,14,392.0,406.8431944443678
2011-12-19,12,20,205.99999999999994,194.34102749484632
2011-05-06,5,1,32.0,23.337439905864183
2012-03-20,3,15,244.0000000000001,227.0491956606547
2011-02-02,2,12,63.99999999999998,64.64823307310199
2011-11-09,11,11,151.99999999999997,128.58292287518742
2011-06-21,6,0,33.00000000000001,35.57932408772942
2012-08-01,8,9,349.9999999999999,362.9188669218808
2011-11-27,11,21,87.99999999999999,102.7100953203072
2011-07-25,7,21,194.0,198.38598003397152
2011-04-29,4,8,421.0000000000001,329.5407161591222
2012-02-05,2,2,62.99999999999998,44.27868320864557
2012-07-02,7,16,364.9999999999999,423.5160407428627
2012-11-17,11,3,21.000000000000004,15.901946807321353
2011-08-22,8,0,40.00000000000001,32.02646616825282
2011-03-08,3,8,257.0,236.6839621133245
2011-07-27,7,1,10.000000000000002,18.73827690861317
2011-07-18,7,16,265.0,239.73133261902584
2011-01-22,1,6,2.0000000000000004,4.012440898512716
2012-12-09,12,0,118.00000000000003,124.78030325798773
2012-09-20,9,1,17.999999999999996,25.020605067474957
2012-10-06,10,1,141.00000000000003,102.65406161053244
2012-11-13,11,0,23.000000000000004,29.09610667503072
2012-01-31,1,1,8.000000000000002,5.678973740944646
2011-07-03,7,20,175.99999999999994,293.35223480464833
2012-05-30,5,15,274.9999999999999,255.36543111990667
2011-10-17,10,15,207.99999999999997,188.70141816162007
2011-05-08,5,23,50.0,77.62674681928482
2011-11-11,11,21,82.99999999999999,96.78820375888544
2011-11-16,11,4,3.9999999999999996,5.251941778833411
2012-12-19,12,8,678.0000000000001,572.415277658246
2012-08-23,8,18,941.0,921.9654297074824
2012-02-15,2,15,170.99999999999994,155.56028649078917
2011-04-22,4,16,61.99999999999999,87.5822596858474
2012-04-06,4,7,246.00000000000006,313.9492726470929
2012-02-10,2,22,113.00000000000003,111.01602998564569
2012-01-01,1,1,93.0,88.02853538677954
2012-05-02,5,17,729.0,663.2366779087431
2012-03-15,3,4,14.0,5.158300186690742
2012-05-08,5,9,294.99999999999994,334.30970177679035
2011-05-06,5,2,16.0,12.38499415552895
2011-12-11,12,5,5.999999999999999,3.172208024103334
2011-08-03,8,11,121.99999999999994,146.22643675585445
2011-06-20,6,7,45.99999999999999,130.1776585948046
2012-08-04,8,20,311.9999999999999,312.02660095896414
2011-02-15,2,23,20.0,26.850269319911256
2011-02-03,2,6,39.0,29.40171193279176
2012-05-23,5,4,3.0,4.845675028758095
2011-12-07,12,18,51.00000000000001,101.69207029964001
2012-08-02,8,19,607.0000000000001,600.7027120114075
2012-03-22,3,12,272.0,251.77369192935262
2011-04-20,4,22,117.00000000000004,131.31375304007295
2011-04-21,4,7,197.99999999999997,209.9193239497046
2012-08-23,8,1,25.000000000000004,27.841358389384453
2012-07-14,7,7,47.99999999999999,85.60075469547027
2012-10-12,10,3,5.999999999999999,7.046032292024651
2012-02-27,2,16,286.00000000000006,306.82122348618697
2011-07-02,7,2,52.00000000000001,62.907471122945026
2011-10-10,10,5,21.000000000000004,12.854395879711872
2012-05-14,5,0,35.0,39.39401864930674
2011-08-07,8,23,55.00000000000002,70.88702443413423
2011-05-25,5,15,182.00000000000009,177.4033644968043
2012-02-10,2,17,396.0000000000001,373.15190020241914
2012-02-29,2,15,89.99999999999997,123.15353984884484
2011-11-30,11,9,193.00000000000003,211.15807175961578
2011-02-23,2,15,71.99999999999999,71.1841977348131
2011-03-24,3,10,64.99999999999997,58.13340071390198
2012-06-02,6,3,26.0,23.953428899309973
2011-12-06,12,1,16.0,11.034969534142748
2011-03-18,3,10,117.00000000000004,117.93965529873853
2012-01-17,1,22,89.99999999999997,131.56848309790985
2012-02-24,2,6,82.00000000000003,84.75672822416222
2011-07-23,7,9,132.0,171.6278817512339
2011-08-31,8,19,446.00000000000017,371.5514938458171
2011-12-26,12,10,70.0,80.57703100466668
2012-08-14,8,6,63.99999999999998,125.56559583918367
2012-06-09,6,8,244.0000000000001,198.65649384898796
2012-08-27,8,1,6.999999999999998,16.37456553015907
2012-08-12,8,17,505.0000000000001,503.9550106590982
2011-07-28,7,13,151.99999999999997,163.86975634013757
2011-07-17,7,19,379.00000000000006,297.51607580688983
2012-07-13,7,6,126.99999999999997,145.88833600971594
2012-10-27,10,2,89.99999999999997,73.65540539084732
2012-07-11,7,2,5.0,10.582421812992234
2012-07-21,7,23,148.99999999999997,197.10764399938458
2011-07-28,7,4,5.999999999999999,6.0466176550789905
2012-12-06,12,12,235.0000000000001,233.73081101984485
2011-08-02,8,23,132.0,94.5501668039806
2011-10-05,10,10,132.99999999999997,121.39441054463308
2011-06-24,6,15,216.00000000000003,269.57127870588454
2011-08-28,8,15,469.00000000000006,399.9561878602062
2012-11-25,11,1,35.99999999999999,61.793814211244126
2011-09-22,9,13,193.00000000000003,133.59910725929646
2012-10-08,10,8,397.0,305.9606249198854
2011-04-05,4,19,160.00000000000003,188.71313649224834
2012-08-01,8,6,185.00000000000009,190.74084314706278
2012-01-11,1,15,78.99999999999997,102.6015859677792
2012-03-03,3,3,21.000000000000004,12.545278789941081
2012-06-03,6,5,12.0,14.202012683542003
2012-01-26,1,0,25.000000000000004,21.53003284938797
2012-07-16,7,11,182.00000000000009,170.04488335712398
2011-08-24,8,19,440.0,384.3935379743343
2012-08-30,8,15,337.9999999999999,282.7439018369388
2012-03-12,3,8,564.0000000000002,457.9003647830153
2011-10-28,10,18,367.99999999999994,327.28257655702976
2012-11-20,11,11,205.00000000000003,156.41569493771604
2011-04-11,4,7,175.99999999999994,189.2776262567584
2011-12-15,12,7,257.9999999999999,309.7044601196225
2012-11-14,11,19,396.0000000000001,358.8125366148317
2011-07-27,7,19,375.00000000000006,404.2787042517767
2012-02-27,2,13,182.00000000000009,156.78916451581586
2012-02-21,2,19,304.00000000000006,298.8971232961887
2011-12-13,12,0,16.999999999999996,18.566052400421377
2012-01-26,1,5,28.000000000000004,22.300840452680557
2011-01-31,1,7,71.99999999999999,82.09754043874165
2011-04-11,4,13,138.99999999999994,142.17022438961303
2012-10-22,10,2,5.0,6.98092270692453
2011-05-02,5,23,63.99999999999998,54.33901126364471
2012-04-09,4,9,286.00000000000006,317.81359117226975
2012-09-07,9,21,301.0,312.78707592867596
2011-02-26,2,9,73.99999999999997,67.86807073123653
2011-07-19,7,3,3.0,4.567184276999406
2011-03-17,3,4,3.0,3.036120236265886
2012-07-18,7,1,16.0,22.61012422746759
2011-08-16,8,5,30.0,24.542939417685307
2011-08-31,8,14,196.0,173.50150152152327
2012-03-01,3,9,286.00000000000006,303.2227328303316
2011-03-14,3,17,271.0000000000001,231.016162830033
2011-12-25,12,13,78.99999999999997,90.01728095263299
2011-09-01,9,3,14.0,5.2425632546474095
2012-05-18,5,4,11.0,8.186459866489514
2012-07-19,7,5,40.00000000000001,36.481926524686834
2011-06-13,6,23,89.0,60.050434490367245
2011-09-08,9,19,52.00000000000001,130.10448133617925
2011-03-08,3,4,2.0000000000000004,2.494243506777347
2011-02-22,2,21,82.00000000000003,60.879878973879656
2012-10-27,10,22,157.00000000000003,182.2833445370934
2012-01-04,1,7,151.99999999999997,216.2904295670766
2012-12-08,12,13,547.0000000000002,533.0155872940251
2011-07-28,7,11,154.00000000000003,117.52484084447791
2011-04-13,4,20,125.99999999999999,154.46916058695714
2011-07-26,7,6,109.99999999999997,124.68231740273161
2012-11-09,11,3,9.000000000000002,4.686657215961599
2012-06-06,6,16,452.0000000000001,498.142712773206
2012-01-20,1,13,155.99999999999994,152.5417897203466
2012-10-22,10,21,174.00000000000009,229.4408844395422
2011-06-19,6,12,396.0000000000001,380.754832568868
2011-10-07,10,4,5.0,7.357082125762123
2012-05-26,5,13,539.0000000000002,551.5581585805553
2011-02-15,2,6,30.0,26.224840878979272
2011-09-08,9,4,3.0,6.074974956449514
2012-05-25,5,5,30.0,28.212925483267675
2012-03-27,3,2,6.999999999999998,2.7372504353616307
2012-01-25,1,17,470.0,389.76243067137534
2012-10-23,10,19,481.9999999999998,645.741410622618
2012-09-05,9,5,40.00000000000001,44.81381545683214
2011-07-18,7,9,202.99999999999994,205.4565272338581
2011-01-25,1,7,107.99999999999997,105.00228166916358
2011-03-16,3,17,253.0,232.98650021224455
2012-12-01,12,17,320.0,339.6294902672897
2011-06-08,6,1,23.000000000000004,13.836042794483546
2012-05-19,5,3,33.00000000000001,30.302036511526786
2012-12-20,12,22,21.000000000000004,19.49709949112187
2012-02-23,2,15,216.99999999999997,204.50896237454623
2012-07-19,7,14,197.0,216.56228586627105
2011-02-18,2,10,94.99999999999999,114.53791725056178
2012-09-13,9,11,253.99999999999991,231.54873339944723
2012-06-19,6,23,125.0,116.98019341657803
2012-04-07,4,11,495.00000000000017,510.7871077195488
2011-07-28,7,8,456.00000000000017,392.73736319861655
2011-03-11,3,10,78.0,87.34386412812707
2012-05-09,5,1,14.0,20.245565572662418
2012-02-27,2,14,158.0,150.7129547065835
2012-09-18,9,21,206.99999999999997,194.66911066996545
2012-01-06,1,0,25.000000000000004,38.8767540225546
2012-10-19,10,19,231.99999999999991,442.1281051013603
2011-11-13,11,6,23.000000000000004,8.478999281010184
2012-06-25,6,18,791.0000000000001,854.5894880255881
2011-08-04,8,11,148.99999999999997,135.70277467045491
2012-10-20,10,15,711.0,728.8327349680826
2011-02-07,2,3,1.0,1.5516820468974124
2012-09-06,9,11,61.99999999999999,70.37726931187709
2012-02-24,2,0,45.99999999999999,45.091330409149975
2011-02-26,2,6,6.999999999999998,4.517748857763189
2011-07-11,7,9,207.99999999999997,192.41336244289715
2012-10-04,10,14,266.99999999999994,289.5673280525961
2012-01-08,1,23,30.0,35.66491665447238
2012-09-05,9,17,862.9999999999997,785.1361257818608
2011-12-01,12,11,102.00000000000001,122.14860164162933
2011-01-25,1,14,68.00000000000001,76.74539243312373
2011-06-02,6,4,3.0,5.2525760152795264
2012-03-23,3,2,32.0,22.30910789130102
2011-10-28,10,21,73.99999999999997,49.995103384985555
2012-08-25,8,16,434.00000000000006,458.3680385894218
2012-01-14,1,19,102.00000000000001,113.81120808739917
2012-09-28,9,0,16.999999999999996,34.9057918247672
2011-05-02,5,6,61.99999999999999,91.85468375902744
2011-12-30,12,22,84.99999999999997,79.4615340180575
2012-04-15,4,12,635.0000000000001,595.2578990989833
2012-05-30,5,0,35.99999999999999,30.723647835179296
2011-08-14,8,10,183.00000000000006,231.01692259605565
2011-08-14,8,18,347.00000000000006,319.1273749935153
2012-05-27,5,15,535.0,542.4674634591845
2011-01-14,1,21,52.00000000000001,41.62045191564663
2011-01-06,1,1,3.9999999999999996,4.116082674288147
2012-07-16,7,2,14.999999999999998,8.82829485909033
2012-12-08,12,7,39.0,47.48594114482509
2011-04-11,4,1,3.9999999999999996,13.607580219483268
2012-03-10,3,17,354.00000000000006,345.05076481054715
2012-08-26,8,4,16.0,20.09953178621555
2011-01-01,1,8,8.000000000000002,23.50960105854098
2011-11-24,11,12,150.0,193.8193360283483
2012-05-19,5,17,626.0000000000001,595.5390427388819
2012-03-10,3,7,40.00000000000001,39.93861341025071
2011-08-09,8,4,6.999999999999998,5.326308776935119
2012-05-08,5,18,709.9999999999998,623.643627043244
2011-02-20,2,6,2.0000000000000004,1.1551282925598596
2011-02-03,2,11,63.99999999999998,42.912304975920165
2012-11-22,11,6,16.999999999999996,22.691193749551488
2012-12-30,12,8,33.00000000000001,35.45460276140267
2011-05-07,5,23,118.99999999999997,118.56568233981974
2011-09-07,9,2,5.999999999999999,4.6533210102684395
2012-09-28,9,17,807.9999999999997,821.138010588663
2011-07-24,7,22,97.99999999999999,122.99848134728283
2012-12-06,12,21,191.0,148.15069028112242
2011-04-14,4,1,10.000000000000002,11.05424859842621
2012-04-06,4,11,291.0,237.9073203592896
2011-03-29,3,5,8.000000000000002,8.57135332972544
2011-10-24,10,14,205.99999999999994,154.4985571799076
2011-03-05,3,1,25.000000000000004,20.895239091856805
2011-06-18,6,15,367.0000000000001,414.4534149659051
2012-12-17,12,14,180.99999999999997,181.90448854182154
2012-01-07,1,12,376.00000000000006,408.5639040971336
2012-05-15,5,22,82.99999999999999,191.7293374571656
2012-08-16,8,5,36.99999999999999,37.22608961795891
2012-12-26,12,10,8.000000000000002,18.0248625580664
2011-06-04,6,15,403.99999999999983,380.2467517237419
2012-04-16,4,1,28.000000000000004,20.419328092170538
2011-11-18,11,14,154.00000000000003,162.65318696166207
2012-04-28,4,16,376.00000000000006,482.2038434924249
2011-10-14,10,16,344.00000000000017,396.0142866374228
2011-05-12,5,3,5.0,3.7472688581153086
2011-05-18,5,19,330.9999999999999,283.33175597512127
2012-09-04,9,5,37.99999999999999,39.37224707482863
2012-07-24,7,18,877.0000000000002,852.6081812383264
2012-06-16,6,16,541.9999999999999,661.578406513234
2012-07-20,7,3,35.99999999999999,7.758346437221539
2012-02-16,2,7,288.00000000000006,326.9375071746816
2011-06-04,6,17,344.00000000000017,419.99461932403904
2012-01-17,1,8,93.0,182.66204471571456
2011-08-30,8,21,222.99999999999994,224.36185434018446
2011-09-24,9,12,406.9999999999999,323.8416126887945
2012-10-03,10,20,496.99999999999994,431.38530699425957
2012-04-28,4,17,321.99999999999994,397.0609812822094
2011-04-18,4,0,39.0,28.815315696420534
2011-04-18,4,16,205.00000000000003,234.72118552975584
2012-09-12,9,3,6.999999999999998,5.257347029050414
2012-09-15,9,18,613.9999999999998,613.1809834739682
2011-03-30,3,17,116.00000000000003,136.4829263224626
2012-08-05,8,19,185.00000000000009,323.74983716519733
2011-07-05,7,12,201.00000000000006,196.68305675795364
2011-05-06,5,6,82.00000000000003,80.17326893532831
2012-03-11,3,9,89.99999999999997,121.32770347281779
2012-02-07,2,16,276.0,281.07586196081877
2012-03-30,3,1,26.999999999999996,24.49992520446576
2011-11-10,11,4,3.0,7.42091037972037
2012-04-03,4,1,11.0,8.950300250182792
2012-04-01,4,3,25.000000000000004,19.034823975122038
2011-08-31,8,2,5.999999999999999,8.310805728017222
2011-09-06,9,6,71.99999999999999,103.80736879666773
2012-09-18,9,20,290.0000000000001,247.5918907071279
2012-03-02,3,14,205.00000000000003,197.23564543024466
2012-07-03,7,5,35.0,30.675063615521093
2012-04-21,4,5,1.0,8.461075980982436
2012-12-21,12,21,70.0,72.433681150518
2011-12-13,12,2,2.0000000000000004,3.0836533838680245
2012-11-06,11,12,247.99999999999994,248.1669993649721
2012-09-18,9,11,151.0,196.9066238475807
2011-09-19,9,13,176.99999999999997,165.11487289356467
2012-02-05,2,8,61.99999999999999,48.033876468417716
2012-08-11,8,7,61.99999999999999,78.73710522796344
2011-11-05,11,22,82.00000000000003,94.5672049697604
2011-03-22,3,15,134.00000000000003,101.16535261845995
2011-11-21,11,17,210.00000000000003,200.98981415246857
2012-12-08,12,17,345.00000000000017,363.1238110653015
2011-11-21,11,8,390.9999999999999,412.3866250662496
2011-01-23,1,23,21.000000000000004,8.994082314486697
2011-07-09,7,17,401.0,327.3644437517462
2012-09-09,9,8,170.00000000000009,148.27166826590948
2011-07-31,7,21,163.99999999999994,186.96339122742395
2011-10-02,10,1,23.999999999999996,49.6258049995629
2012-05-10,5,23,135.00000000000006,148.3208773927241
2011-07-30,7,13,308.0000000000001,341.472344480201
2012-08-10,8,21,286.00000000000006,291.9033894021712
2011-03-08,3,23,41.00000000000001,23.501230023279643
2011-04-22,4,12,80.00000000000003,100.31136326039541
2011-10-20,10,14,155.0,171.31602964748436
2011-03-21,3,23,30.0,45.06061935985283
2011-04-18,4,15,175.99999999999994,144.6926901572108
2011-02-22,2,15,69.00000000000003,58.983819255280416
2012-08-18,8,4,12.999999999999996,14.04730746752439
2011-06-30,6,13,231.99999999999991,218.0400569555868
2011-09-14,9,22,160.00000000000003,147.29377320773474
2012-10-30,10,14,125.99999999999999,96.86537512341224
2011-10-14,10,2,5.999999999999999,11.746600533911478
2011-04-19,4,16,192.0,209.56622846949193
2011-02-07,2,21,78.0,69.17995045708363
2011-06-05,6,20,278.9999999999999,224.8640911588105
2011-04-21,4,3,6.999999999999998,3.522433549362528
2012-09-17,9,14,332.0,264.6286982457256
2012-04-03,4,2,5.0,4.251393897466323
2012-07-22,7,3,42.99999999999999,53.08430542541282
2011-02-15,2,12,71.0,78.14492218623346
2012-05-07,5,6,141.99999999999994,131.19843512923495
2012-07-12,7,13,276.99999999999994,333.8370813814506
2011-08-31,8,23,84.00000000000001,100.08660475226074
2011-12-31,12,1,35.0,38.9076751587789
2011-09-11,9,14,341.99999999999983,389.0307820795194
2011-04-24,4,23,42.0,44.93877063661805
2012-07-01,7,10,366.0000000000001,317.7708217250379
2012-05-25,5,22,212.00000000000009,251.22055398359765
2012-02-18,2,19,188.00000000000003,202.4984934754805
2012-02-28,2,9,231.99999999999991,244.4219358836988
2011-10-09,10,11,423.0,453.7830753042167
2012-09-16,9,18,480.99999999999994,532.757605589138
2012-02-08,2,22,97.99999999999999,80.86977817618248
2012-10-13,10,3,14.999999999999998,23.10992171709855
2011-03-17,3,2,8.000000000000002,5.31051350704155
2011-10-29,10,5,1.0,1.8488023833909888
2012-05-12,5,5,12.999999999999996,11.562816931689655
2011-05-21,5,20,247.99999999999994,230.93526414079042
2011-05-14,5,21,58.999999999999986,100.26827704554289
2011-07-22,7,7,252.00000000000003,271.24052280699107
2012-07-04,7,1,123.00000000000003,116.87005808744759
2012-12-07,12,23,121.99999999999994,112.75488530771705
2011-01-01,1,18,35.0,46.961638495363694
2011-09-19,9,19,373.99999999999994,365.35116714318553
2011-09-14,9,12,212.00000000000009,207.4919716953591
2011-09-08,9,10,64.99999999999997,98.0795233108744
2011-06-08,6,8,480.99999999999994,389.037307676442
2012-07-14,7,5,5.0,17.038552215517885
2012-03-23,3,21,284.00000000000006,375.73341571149
2012-05-20,5,9,312.9999999999999,263.1640356252824
2011-06-10,6,10,110.99999999999996,145.5737674373691
2011-04-09,4,1,20.0,28.719255450547603
2011-08-26,8,6,104.99999999999997,85.2089112583672
2012-07-27,7,17,698.9999999999998,644.3787668899387
2011-04-09,4,5,5.0,4.319728296231037
2012-05-15,5,9,355.0,320.67792182971993
2011-11-30,11,19,278.9999999999999,216.70178997822495
2012-05-30,5,3,5.0,3.1435444257817635
2011-09-18,9,10,260.00000000000006,242.5413978051841
2012-09-20,9,18,899.9999999999998,947.9496451891426
2011-10-18,10,9,227.00000000000006,230.20150038642353
2012-04-13,4,10,192.0,226.3428207058822
2012-01-11,1,18,97.99999999999999,151.96752960374712
2012-08-14,8,3,3.0,4.85141541528293
2012-03-26,3,3,1.0,4.893749436281944
2011-10-12,10,16,55.00000000000002,215.46856133267065
2012-02-25,2,13,226.00000000000006,303.7203143984688
2012-05-19,5,12,641.9999999999998,617.4253989070734
2012-11-13,11,9,109.99999999999997,156.39614925372925
2011-07-07,7,14,160.00000000000003,143.5455806109483
2012-09-19,9,21,348.9999999999999,279.0427531012277
2011-02-25,2,16,102.00000000000001,118.00576125201313
2011-09-17,9,15,354.00000000000006,275.8797299879296
2011-01-14,1,18,138.99999999999994,136.73129342772555
2012-03-18,3,17,541.0000000000001,541.0166602172606
2012-05-27,5,19,442.0,436.7556737394068
2011-10-28,10,20,143.0,71.5449030106118
2012-02-17,2,19,282.0,258.6441359825791
2012-01-09,1,14,50.0,51.579813768020365
2012-12-13,12,13,271.0000000000001,242.91681312308182
2012-05-16,5,22,286.00000000000006,220.65275165664337
2011-07-18,7,2,10.000000000000002,11.823489081358058
2011-04-16,4,18,37.99999999999999,170.33628268042995
2012-03-22,3,21,373.99999999999994,317.2584926306473
2012-05-13,5,18,389.00000000000006,444.856339161151
2012-07-30,7,6,160.99999999999994,153.14443800619793
2011-06-17,6,15,243.00000000000006,234.54218604657558
2011-08-06,8,12,381.9999999999999,354.9116114599552
2011-04-08,4,22,51.00000000000001,45.081771610996356
2011-04-02,4,6,12.0,11.424389357111515
2012-12-13,12,19,347.99999999999994,370.4720127903965
2012-02-21,2,7,278.9999999999999,335.38626223529826
2012-09-02,9,3,42.0,46.88996013084065
2011-12-12,12,4,3.0,5.234154903883262
2012-05-24,5,4,5.0,6.060938304718314
2011-09-26,9,19,383.0,396.08819304809236
2011-06-27,6,19,396.0000000000001,442.84316396743054
2012-10-07,10,7,35.0,25.540290958436668
2011-06-10,6,6,103.99999999999997,104.82128009474789
2012-01-30,1,14,114.99999999999999,128.84291809077675
2012-07-25,7,7,507.00000000000006,592.0930958544523
2012-12-17,12,22,54.000000000000014,106.77718520375007
2012-10-20,10,2,78.0,69.398354531915
2012-12-07,12,4,10.000000000000002,8.380620470411616
2012-02-23,2,13,218.00000000000003,225.16806950135143
2011-02-01,2,15,52.00000000000001,54.32263748590163
2011-12-11,12,19,104.99999999999997,114.36711988981173
2011-03-11,3,1,8.000000000000002,5.49250502107531
2012-03-29,3,0,47.99999999999999,53.81625415839145
2012-04-25,4,8,653.9999999999999,531.2147174856871
2011-05-15,5,8,70.0,76.74565116880513
2012-01-04,1,23,32.0,47.78403918003266
2011-09-27,9,20,238.00000000000009,259.8853978811973
2012-01-06,1,12,191.0,185.7457610944222
2011-04-30,4,4,6.999999999999998,6.186284160983888
2011-10-03,10,5,21.000000000000004,20.461295935941852
2011-06-25,6,16,409.99999999999983,403.05179241775426
2012-06-28,6,13,236.00000000000009,256.70803702064285
2011-06-19,6,13,362.99999999999994,385.78065643496717
2011-06-09,6,11,118.00000000000003,114.7592904698143
2012-03-06,3,15,166.00000000000006,146.07895668890382
2012-12-04,12,19,460.00000000000006,451.0310517729306
2012-09-02,9,12,545.0000000000001,397.6768212842698
2012-02-25,2,3,6.999999999999998,13.500319121426264
2011-11-11,11,1,18.999999999999996,28.606689173437225
2011-06-16,6,3,3.9999999999999996,3.1676235347329804
2011-05-01,5,9,141.00000000000003,138.1300104421134
2011-11-03,11,11,120.00000000000003,129.76189665565232
2012-10-16,10,16,446.00000000000017,512.4258423321627
2011-08-26,8,23,136.00000000000003,133.15474309150238
2012-03-01,3,11,168.0,180.74830434737243
2012-03-21,3,21,251.00000000000003,260.94555442246366
2012-07-04,7,20,550.9999999999998,519.8902690298437
2011-05-13,5,1,20.0,26.872053672248516
2012-07-29,7,13,483.0000000000002,539.7131827385454
2012-02-06,2,10,116.00000000000003,105.00436438234492
2012-04-14,4,4,14.0,7.852692167063158
2011-07-16,7,19,405.99999999999983,310.322839667345
2011-05-27,5,11,166.00000000000006,182.39441143032735
2011-07-31,7,11,274.9999999999999,294.1803832881679
2012-08-01,8,18,891.0000000000002,833.1905454989626
2011-06-27,6,22,145.0,127.713769998841
2012-05-06,5,2,93.0,66.05453073125871
2011-12-09,12,6,62.99999999999998,70.96461353878608
2011-01-22,1,21,39.0,33.01965549525675
2012-07-23,7,13,239.99999999999994,266.16190998418284
2012-01-28,1,15,409.99999999999983,327.50888778487945
2011-10-16,10,3,42.0,22.449459120233744
2012-01-14,1,12,219.00000000000009,273.6316465082239
2011-12-02,12,18,372.00000000000017,339.65896911853855
2012-07-03,7,22,176.99999999999997,230.84382363733545
2011-10-29,10,21,50.0,57.53729427088123
2012-03-30,3,20,208.99999999999994,256.45006902640193
2011-01-04,1,5,3.9999999999999996,6.681667056910504
2012-09-24,9,5,36.99999999999999,31.249887304837355
2011-04-06,4,10,69.00000000000003,94.95996920773449
2012-10-04,10,21,321.00000000000006,339.1846128702204
2011-07-03,7,17,357.9999999999999,197.41538383892188
2012-11-08,11,20,244.99999999999991,255.66780640861785
2012-12-26,12,11,10.000000000000002,19.679262090185947
2011-03-08,3,9,151.0,147.01048486274516
2012-01-25,1,19,315.9999999999999,221.02319246315932
2011-08-04,8,13,205.00000000000003,168.14131898368703
2011-04-01,4,13,109.99999999999997,165.5145259336078
2012-07-23,7,14,271.0000000000001,221.36700346491173
2011-11-06,11,0,75.0,58.0920657802129
2011-05-09,5,9,178.0,208.9912321749578
2012-10-06,10,11,646.9999999999999,652.2440314489154
2012-04-04,4,11,212.99999999999994,196.99547142028425
2012-09-28,9,15,392.0,394.6577557603317
2012-08-18,8,22,260.99999999999994,283.8412358589495
2012-01-10,1,10,82.99999999999999,92.3112641179777
2012-04-22,4,8,51.00000000000001,71.12833599725062
2012-04-19,4,1,12.999999999999996,11.853598339672777
2012-12-25,12,13,121.00000000000003,147.3049783639532
2011-10-05,10,19,373.99999999999994,342.33315852982054
2011-01-09,1,6,1.0,1.3054738993065926
2012-08-02,8,10,180.99999999999997,202.73549007023337
2012-11-21,11,22,87.99999999999999,160.97299448514565
2012-05-07,5,17,768.9999999999997,667.6674320998961
2011-03-15,3,12,102.00000000000001,89.79549605002957
2011-08-09,8,18,584.9999999999998,543.6616059144067
2012-01-12,1,5,16.0,14.652857809849285
2012-03-30,3,19,395.0,359.88536136819346
2012-05-27,5,3,35.99999999999999,27.44920476524049
2012-08-06,8,12,284.99999999999994,282.7111266997409
2011-09-25,9,23,78.99999999999997,76.8649586011942
2011-02-21,2,11,89.99999999999997,98.33688107199755
2011-05-08,5,13,390.0,422.75878846671355
2011-01-01,1,14,105.99999999999996,124.65329470585188
2011-10-27,10,13,73.99999999999997,113.8764788998141
2011-10-30,10,21,78.99999999999997,91.21505829351646
2011-07-29,7,3,11.0,6.482549050362438
2011-11-13,11,11,294.99999999999994,238.97766812184616
2012-03-03,3,7,16.0,53.38819783155964
2012-04-19,4,23,143.99999999999997,127.40204922149624
2012-12-15,12,20,201.00000000000006,199.33507570371927
2012-03-29,3,12,292.0000000000001,285.43005342990216
2012-10-08,10,13,404.99999999999994,376.98871372234794
2012-09-02,9,10,387.99999999999983,390.85094386925704
2012-04-20,4,11,253.99999999999991,246.15930150625715
2011-08-19,8,4,8.000000000000002,7.005723377400262
2011-05-30,5,23,47.99999999999999,59.27579733646695
2012-06-12,6,11,64.99999999999997,131.21116335549286
2012-09-19,9,9,361.9999999999999,357.6192037210619
2011-02-06,2,4,2.0000000000000004,1.7172477904997794
2012-08-12,8,2,86.0,95.38362329566027
2011-04-23,4,3,3.9999999999999996,9.765378624008685
2011-05-24,5,13,190.0,192.0088071796022
2012-06-22,6,16,380.0000000000001,438.72453228495465
2012-12-18,12,17,572.0000000000002,577.2617980600096
2011-07-22,7,10,114.99999999999999,106.39178182096296
2011-12-07,12,7,45.99999999999999,97.0941539198495
2012-07-30,7,2,8.000000000000002,8.593696574724072
2012-06-30,6,7,92.00000000000003,85.68149429867572
2011-12-25,12,12,65.99999999999997,88.8355557218253
2012-01-15,1,21,71.99999999999999,67.40886953521391
2011-06-08,6,15,127.99999999999997,139.39016425289282
2012-12-18,12,19,352.99999999999994,428.7482172361256
2011-03-19,3,11,196.0,168.17988126534036
2012-09-29,9,9,332.0,340.9677589482694
2011-10-22,10,14,309.99999999999994,327.85384771992824
2012-11-24,11,19,82.99999999999999,157.39107333452168
2012-09-01,9,18,442.0,494.87516416019463
2011-11-01,11,8,418.99999999999994,397.4947348886033
2011-02-09,2,21,82.99999999999999,57.24049567723873
2011-07-07,7,19,364.9999999999999,366.0893503007432
2011-05-26,5,19,378.0,415.32602061921637
2012-09-08,9,1,117.00000000000004,100.84608019299348
2011-06-06,6,4,8.000000000000002,5.797135985604009
2012-02-17,2,23,82.00000000000003,93.1660437684149
2012-12-06,12,17,616.9999999999998,521.9565025725595
2011-08-04,8,5,20.0,22.695879684654525
2012-01-20,1,2,11.0,5.754188583767233
2012-10-10,10,21,269.00000000000006,283.6559139984619
2011-06-20,6,4,3.0,2.8496587094031005
2011-06-16,6,2,5.0,8.221567316544018
2011-12-24,12,3,5.0,10.594593172809596
2012-02-02,2,9,228.00000000000006,158.19670793839538
2011-09-16,9,15,202.99999999999994,328.1335790701562
2011-04-02,4,11,197.99999999999997,199.79586823400575
2012-12-21,12,10,154.00000000000003,175.7024531813357
2012-12-09,12,13,284.99999999999994,291.49998987967814
2012-08-28,8,4,8.000000000000002,7.499015446527135
2011-12-29,12,10,109.99999999999997,114.81470012929944
2011-07-02,7,15,330.9999999999999,380.8865533006563
2011-02-11,2,11,63.99999999999998,58.883814985848524
2011-01-01,1,5,1.0,2.5047796316988746
2012-01-12,1,18,421.0000000000001,448.40933528964405
2011-02-21,2,16,56.00000000000001,59.21729113335979
2012-05-12,5,15,590.0000000000002,654.9395255584125
2012-07-11,7,15,276.0,280.8053850398801
2012-08-02,8,17,864.9999999999999,754.7783986022756
2012-09-27,9,14,257.9999999999999,303.06752836488624
2012-11-26,11,20,276.99999999999994,251.5165845265041
2012-10-02,10,11,99.00000000000004,75.01564772354182
2011-11-09,11,19,304.00000000000006,271.73493177748077
2012-08-14,8,2,11.0,7.021429909163268
2011-03-02,3,1,3.9999999999999996,4.469862361471348
2012-09-29,9,7,73.00000000000003,91.06340986221618
2011-12-14,12,14,151.0,97.80389998291142
2011-07-26,7,2,6.999999999999998,8.337146683699592
2012-03-24,3,14,222.99999999999994,288.0280277586063
2011-05-01,5,0,96.0,91.96478898417877
2011-03-08,3,21,75.0,74.27663104961422
2011-04-01,4,15,110.99999999999996,140.07980340206606
2012-08-14,8,18,853.9999999999998,832.0486782027233
2011-09-11,9,11,401.99999999999983,393.3002543526527
2012-12-24,12,15,33.00000000000001,31.932818088529068
2011-10-30,10,0,54.000000000000014,65.88039360011614
2012-05-21,5,18,530.0,665.9353625201709
2012-12-18,12,21,168.0,200.4818260996797
2012-04-18,4,10,146.99999999999994,126.95921751830299
2012-03-14,3,2,2.0000000000000004,8.695809035713866
2012-02-21,2,1,6.999999999999998,6.616291868440237
2012-04-25,4,12,269.00000000000006,282.90365891842305
2011-09-11,9,10,333.99999999999994,308.94691938187486
2011-01-29,1,17,91.00000000000001,92.39065887329765
2012-11-29,11,12,236.00000000000009,243.7688335954384
2011-02-20,2,19,42.0,60.23731822354282
2011-04-01,4,8,205.99999999999994,221.00448386133093
2012-05-25,5,10,231.99999999999991,222.0401877215612
2011-06-23,6,2,3.9999999999999996,11.715039809975112
2012-01-26,1,13,173.0,151.91899697187725
2011-05-27,5,21,151.0,188.9477916928651
2011-11-11,11,15,216.00000000000003,244.37691840997857
2011-01-25,1,17,222.00000000000003,193.55223816575534
2011-01-05,1,11,45.99999999999999,47.07569508545174
2012-04-06,4,5,23.000000000000004,17.65212504505298
2011-02-07,2,11,47.00000000000001,58.62639508626633
2011-10-21,10,13,205.99999999999994,223.62145473293512
2012-12-12,12,3,10.000000000000002,3.902807496208638
2011-01-16,1,9,32.0,39.108064903660306
2011-04-30,4,23,125.0,86.28018843389079
2012-06-24,6,17,531.9999999999999,494.57859581722187
2011-05-16,5,22,126.99999999999997,117.52232350610643
2011-08-15,8,1,10.000000000000002,9.604779142144425
2012-12-27,12,8,207.99999999999997,146.94073620512748
2012-03-18,3,21,173.0,163.3231798819811
2012-02-08,2,23,60.00000000000001,46.53839723769281
2012-10-24,10,15,308.0000000000001,329.04587438798615
2011-04-06,4,4,1.0,2.955881784841704
2012-07-27,7,18,622.0,606.912740561232
